Timestamp (UTC),Station,Temperature (°C),Humidity (%),Precipitation (mm),Wind Speed (km/h),Wind Speed (m/s),Wind Direction,Pressure (hPa),Radiation (W/m²)
2026-05-05T14:00,Guimarães,15.5,67,,,,Calm,1016.4,
2026-05-05T15:00,Guimarães,13.3,85,,,,Calm,1016.7,
2026-05-05T16:00,Guimarães,15.1,76,,,,Calm,1016,1138
2026-05-05T17:00,Guimarães,15.7,68,,,,Calm,1015.9,
2026-05-05T18:00,Guimarães,16.2,64,,,,Calm,1015.7,936.7
2026-05-05T19:00,Guimarães,15.1,65,,,,Calm,1015.9,407
2026-05-05T20:00,Guimarães,13.8,71,,,,Calm,1016.2,44.2
2026-05-05T21:00,Guimarães,11.4,84,,,,Calm,1017.1,
2026-05-05T22:00,Guimarães,11.6,83,,,,Calm,1017.3,0
2026-05-05T23:00,Guimarães,10.8,86,,,,Calm,1017.2,0
2026-05-06T00:00,Guimarães,9.7,90,,,,Calm,1017.3,0
2026-05-06T01:00,Guimarães,9.8,90,,,,Calm,1016.9,0
2026-05-06T02:00,Guimarães,9.5,90,,,,Calm,1016.4,0
2026-05-06T09:00,Guimarães,13.3,78,,,,Calm,1015.4,
2026-05-06T10:00,Guimarães,15.6,66,,,,Calm,1015,2622.5
2026-05-06T11:00,Guimarães,17.2,55,,,,Calm,1014.6,
2026-05-06T12:00,Guimarães,18.3,49,,,,Calm,1014.1,
2026-05-06T13:00,Guimarães,19.1,47,,,,Calm,1013.4,
2026-05-06T14:00,Guimarães,18.3,48,,,,Calm,1012.9,1522.8
2026-05-06T15:00,Guimarães,19.8,47,,,,Calm,1012.1,2562.7
2026-05-06T16:00,Guimarães,18.5,51,,,,Calm,1011.5,717.2
2026-05-06T17:00,Guimarães,18.1,54,,,,Calm,1011.2,
2026-05-06T18:00,Guimarães,17.2,66,,,,Calm,1011.2,752.2
2026-05-06T19:00,Guimarães,16.9,63,,,,Calm,1011.2,
2026-05-06T20:00,Guimarães,13.3,76,,,,Calm,1011.6,29.8
2026-05-06T21:00,Guimarães,11.3,85,,,,Calm,1012,
2026-05-06T22:00,Guimarães,10.6,87,,,,Calm,1012,0
2026-05-06T23:00,Guimarães,10,89,,,,Calm,1011.9,0
2026-05-07T00:00,Guimarães,9.5,90,,,,Calm,1011.8,0
2026-05-07T01:00,Guimarães,9.1,91,,,,Calm,1011.6,0
2026-05-07T02:00,Guimarães,9,91,,,,Calm,1011.3,
2026-05-07T03:00,Guimarães,8.3,91,,,,Calm,1011,
2026-05-07T09:00,Guimarães,14.5,74,,,,Calm,1010,
2026-05-07T10:00,Guimarães,17.4,62,,,,Calm,1009.8,2546.6
2026-05-07T11:00,Guimarães,18.5,61,,,,Calm,1009.8,
2026-05-07T12:00,Guimarães,18.1,64,,,,Calm,1009.9,
2026-05-07T13:00,Guimarães,18.5,61,,,,Calm,1009.7,2575.6
2026-05-07T14:00,Guimarães,19,57,,,,Calm,1009.4,
2026-05-07T15:00,Guimarães,19.6,53,,,,Calm,1009,2993.8
2026-05-07T16:00,Guimarães,19.4,53,,,,Calm,1008.8,2433.1
2026-05-07T17:00,Guimarães,18.3,55,,,,Calm,1009.1,1737.7
2026-05-07T18:00,Guimarães,17.2,59,,,,Calm,1009.4,991
2026-05-07T19:00,Guimarães,15.2,67,,,,Calm,1009.7,271.7
2026-05-07T20:00,Guimarães,13.6,74,,,,Calm,1010.5,32.3
2026-05-07T21:00,Guimarães,12.1,82,,,,Calm,1011.3,0
2026-05-07T22:00,Guimarães,11.2,87,,,,Calm,1011.5,0
2026-05-07T23:00,Guimarães,11.2,87,,,,Calm,1011.1,0
2026-05-07T04:00,Guimarães,NO DATA,,,,,,,
2026-05-07T05:00,Guimarães,NO DATA,,,,,,,
2026-05-07T06:00,Guimarães,NO DATA,,,,,,,
2026-05-07T07:00,Guimarães,NO DATA,,,,,,,
2026-05-07T08:00,Guimarães,NO DATA,,,,,,,
2026-05-08T00:00,Guimarães,10.6,89,,,,Calm,1010.6,0
2026-05-08T01:00,Guimarães,10.1,90,,,,Calm,1010.3,0
2026-05-08T02:00,Guimarães,10,90,,,,Calm,1009.8,0
2026-05-08T03:00,Guimarães,10.3,90,,,,Calm,1009.3,0
2026-05-08T04:00,Guimarães,10.2,90,,,,Calm,1008.9,0
2026-05-08T09:00,Guimarães,13.9,80,,,,Calm,1009.6,1473.4
2026-05-08T10:00,Guimarães,15.4,68,,,,Calm,1009.6,1467.1
2026-05-08T11:00,Guimarães,16,63,,,,Calm,1009.8,1018.9
2026-05-08T12:00,Guimarães,14.4,70,,,,Calm,1010.1,
2026-05-08T13:00,Guimarães,15.5,71,,,,Calm,1009.8,
2026-05-08T14:00,Guimarães,16.7,62,,,,Calm,1009.3,1354.2
2026-05-08T15:00,Guimarães,15.8,66,,,,Calm,1009.2,
2026-05-08T16:00,Guimarães,18,54,,,,Calm,1008.1,
2026-05-08T17:00,Guimarães,17,58,,,,Calm,1007.9,499.3
2026-05-08T18:00,Guimarães,17.5,54,,,,Calm,1007.4,851.2
2026-05-08T19:00,Guimarães,16.3,61,,,,Calm,1007.2,323.8
2026-05-08T20:00,Guimarães,13.8,74,,,,Calm,1007.1,32.7
2026-05-08T21:00,Guimarães,12.6,78,,,,Calm,1007.2,0
2026-05-08T22:00,Guimarães,14.3,67,,,,Calm,1006.7,0
2026-05-08T23:00,Guimarães,15.8,59,,,,Calm,1006,0
2026-05-08T05:00,Guimarães,NO DATA,,,,,,,
2026-05-08T06:00,Guimarães,NO DATA,,,,,,,
2026-05-08T07:00,Guimarães,NO DATA,,,,,,,
2026-05-08T08:00,Guimarães,NO DATA,,,,,,,
2026-05-09T00:00,Guimarães,14.5,68,,,,Calm,1005.8,0
2026-05-09T01:00,Guimarães,13.3,80,,,,Calm,1006.4,0
2026-05-09T02:00,Guimarães,11.9,89,,,,Calm,1005.7,0
2026-05-09T03:00,Guimarães,11.8,89,,,,Calm,1005.5,0
2026-05-09T08:00,Guimarães,16.6,62,,,,Calm,,
2026-05-09T09:00,Guimarães,16.7,62,,,,Calm,1003.8,910.8
2026-05-09T10:00,Guimarães,16.5,63,,,,Calm,1004,534
2026-05-09T12:00,Guimarães,15,82,,,,Calm,1004.3,
2026-05-09T13:00,Guimarães,16.8,70,,,,Calm,1003.7,1350.3
2026-05-09T14:00,Guimarães,17.3,63,,,,Calm,1003.5,
2026-05-09T15:00,Guimarães,13.1,86,,,,Calm,1004.8,126.2
2026-05-09T16:00,Guimarães,13.8,87,,,,Calm,1005.2,680.7
2026-05-09T17:00,Guimarães,13.8,85,,,,Calm,1005.5,140.6
2026-05-09T18:00,Guimarães,14,85,,,,Calm,1005.9,679.2
2026-05-09T19:00,Guimarães,13.6,83,,,,Calm,1006.5,93.6
2026-05-09T20:00,Guimarães,12.1,87,,,,Calm,1007.6,1.3
2026-05-09T04:00,Guimarães,NO DATA,,,,,,,
2026-05-09T05:00,Guimarães,NO DATA,,,,,,,
2026-05-09T06:00,Guimarães,NO DATA,,,,,,,
2026-05-09T07:00,Guimarães,NO DATA,,,,,,,
2026-05-09T11:00,Guimarães,NO DATA,,,,,,,
2026-05-09T21:00,Guimarães,NO DATA,,,,,,,
2026-05-09T22:00,Guimarães,NO DATA,,,,,,,
2026-05-09T23:00,Guimarães,NO DATA,,,,,,,
2026-05-10T00:00,Guimarães,NO DATA,,,,,,,
2026-05-10T01:00,Guimarães,NO DATA,,,,,,,
2026-05-10T02:00,Guimarães,NO DATA,,,,,,,
2026-05-10T03:00,Guimarães,NO DATA,,,,,,,
2026-05-10T09:00,Guimarães,13.2,77,0.1,,,Calm,1009.1,
2026-05-10T10:00,Guimarães,14.2,75,0,,,Calm,1009.3,1801.3
2026-05-10T11:00,Guimarães,16.3,66,0,,,Calm,1009.2,
2026-05-10T12:00,Guimarães,16.9,59,0,,,Calm,1009.4,
2026-05-10T04:00,Guimarães,NO DATA,,,,,,,
2026-05-10T05:00,Guimarães,NO DATA,,,,,,,
2026-05-10T06:00,Guimarães,NO DATA,,,,,,,
2026-05-10T07:00,Guimarães,NO DATA,,,,,,,
2026-05-10T08:00,Guimarães,NO DATA,,,,,,,
2026-05-10T13:00,Guimarães,16.6,60,0.1,,,Calm,1009.3,
2026-05-10T14:00,Guimarães,16.2,72,1.2,,,Calm,1009.3,
2026-05-10T15:00,Guimarães,16.5,71,0,,,Calm,1009,915.3
2026-05-10T16:00,Guimarães,14.4,82,0.1,,,Calm,1009.3,432.2
2026-05-10T17:00,Guimarães,14.4,84,0.1,,,Calm,1008.9,457.2
2026-05-10T18:00,Guimarães,14.1,86,0.8,,,Calm,1009,235.9
2026-05-10T19:00,Guimarães,13.7,85,5.6,,,Calm,1008.9,41.6
2026-05-10T20:00,Guimarães,13.3,86,4.3,,,Calm,1009.1,8.9
2026-05-10T21:00,Guimarães,13.2,86,3.8,,,Calm,1009.8,0
2026-05-10T22:00,Guimarães,13.4,85,0,,,Calm,1010.4,0
2026-05-10T23:00,Guimarães,12.9,88,0,,,Calm,1010.6,0
2026-05-11T00:00,Guimarães,12.5,90,1.5,,,Calm,1010.7,0
2026-05-11T01:00,Guimarães,NO DATA,,,,,,,
2026-05-11T02:00,Guimarães,NO DATA,,,,,,,
2026-05-11T03:00,Guimarães,NO DATA,,,,,,,
2026-05-11T14:00,Guimarães,16.7,82,0,,,Calm,1013,
2026-05-11T15:00,Guimarães,17,80,0,,,Calm,1013,
2026-05-11T16:00,Guimarães,18.7,66,0,,,Calm,1012.8,2265
2026-05-11T17:00,Guimarães,18.9,61,0,,,Calm,1013,1471.8
2026-05-11T18:00,Guimarães,18.3,63,0,,,Calm,1013.2,892
2026-05-11T19:00,Guimarães,17.3,67,0,,,Calm,1013.6,567
2026-05-11T20:00,Guimarães,15.2,78,0,,,Calm,1014.2,75.2
2026-05-11T21:00,Guimarães,14.2,84,0,,,Calm,1015,0
2026-05-11T22:00,Guimarães,13.8,87,0,,,Calm,1015.8,0
2026-05-11T23:00,Guimarães,13.5,90,0,,,Calm,1016.1,0
2026-05-12T00:00,Guimarães,12.9,90,0,,,Calm,1016.2,0
2026-05-12T01:00,Guimarães,12.3,92,0,,,Calm,1016.2,0
2026-05-12T02:00,Guimarães,11.8,93,0,,,Calm,1016.3,0
2026-05-12T03:00,Guimarães,11.8,96,0,,,Calm,1016,0
2026-05-12T04:00,Guimarães,11.7,97,0,,,Calm,1016.2,0
2026-05-12T05:00,Guimarães,11.3,98,0,,,Calm,1016.5,0
2026-05-12T06:00,Guimarães,11.3,99,0,,,Calm,1017.1,37
2026-05-12T07:00,Guimarães,11.7,100,0,,,Calm,1017.5,328.4
2026-05-12T08:00,Guimarães,13,,0,,,Calm,1018,933.6
2026-05-12T09:00,Guimarães,15,84,0,,,Calm,1018,812.7
2026-05-12T10:00,Guimarães,16.4,76,0.5,,,Calm,1018.2,1119
2026-05-12T11:00,Guimarães,15.7,80,4.7,,,Calm,1018.7,440.5
2026-05-12T12:00,Guimarães,14.8,85,1.2,,,Calm,1018.9,481.4
2026-05-12T13:00,Guimarães,15,84,3,,,Calm,1018.9,671
2026-05-12T14:00,Guimarães,15,87,4.5,,,Calm,1019.1,568.7
2026-05-12T15:00,Guimarães,14.5,83,0.1,,,Calm,1019.3,647.7
2026-05-12T16:00,Guimarães,16.2,76,0,,,Calm,1018.6,1653.1
2026-05-12T17:00,Guimarães,17.5,71,0,,,Calm,1018.5,1057.7
2026-05-12T18:00,Guimarães,16.8,73,0,,,Calm,1018.7,329.5
2026-05-12T19:00,Guimarães,16.8,73,0,,,Calm,1018.9,346.1
2026-05-12T20:00,Guimarães,15.2,83,0,,,Calm,1019.6,34.5
2026-05-12T21:00,Guimarães,13.9,89,0,,,Calm,1020,0
2026-05-12T22:00,Guimarães,13.8,87,0,,,Calm,1020.3,0
2026-05-12T23:00,Guimarães,13.5,88,0,,,Calm,1020.4,0
2026-05-13T00:00,Guimarães,12.4,90,0,,,Calm,1020.3,0
2026-05-13T01:00,Guimarães,11.5,91,0,,,Calm,1020.1,0
2026-05-13T02:00,Guimarães,11.3,92,0,,,Calm,1019.9,0
2026-05-13T03:00,Guimarães,11.5,94,0,,,Calm,1019.5,0
2026-05-13T04:00,Guimarães,11.7,96,0,,,Calm,1019.5,0
2026-05-13T05:00,Guimarães,11.5,98,0,,,Calm,1019.7,0
2026-05-13T06:00,Guimarães,12.1,100,0,,,Calm,1020.1,21.3
2026-05-13T07:00,Guimarães,12.3,100,0,,,Calm,1020.4,210.2
2026-05-13T08:00,Guimarães,13.1,92,0,,,Calm,1020.6,372.9
2026-05-13T09:00,Guimarães,14.6,81,0,,,Calm,1020.5,775.4
2026-05-13T10:00,Guimarães,15.6,76,0,,,Calm,1020.5,1447
2026-05-13T11:00,Guimarães,17.5,70,0,,,Calm,1020.3,2551.2
2026-05-13T12:00,Guimarães,18.8,64,0,,,Calm,1019.9,3096.2
2026-05-13T13:00,Guimarães,19.6,60,0,,,Calm,1019.4,2274.3
2026-05-13T14:00,Guimarães,19.1,67,0,,,Calm,1019,2668.2
2026-05-13T15:00,Guimarães,19.1,68,0,,,Calm,1018.7,2308.6
2026-05-13T16:00,Guimarães,18.5,64,0,,,Calm,1018.4,1030.4
2026-05-13T17:00,Guimarães,19.1,59,0,,,Calm,1018.1,1550.4
2026-05-13T18:00,Guimarães,19,58,0,,,Calm,1017.8,1058.5
2026-05-13T19:00,Guimarães,17.2,62,0,,,Calm,1017.9,462.3
2026-05-13T20:00,Guimarães,15.4,70,0,,,Calm,1018.1,82.4
2026-05-13T21:00,Guimarães,13,81,0,,,Calm,1018.8,0
2026-05-13T22:00,Guimarães,12.1,84,0,,,Calm,1018.8,0
2026-05-13T23:00,Guimarães,10.8,89,0,,,Calm,1018.9,0
2026-05-14T00:00,Guimarães,10.5,90,0,,,Calm,1018.6,0
2026-05-14T01:00,Guimarães,10,90,0,,,Calm,1018.4,0
2026-05-14T02:00,Guimarães,9.4,91,0,,,Calm,1017.8,0
2026-05-14T03:00,Guimarães,8.9,92,0,,,Calm,1017.4,0
2026-05-14T04:00,Guimarães,8.4,92,0,,,Calm,1017.4,0
2026-05-14T05:00,Guimarães,7.9,93,0,,,Calm,1017.2,0
2026-05-14T06:00,Guimarães,7.6,94,0,,,Calm,1017.3,44.8
2026-05-14T07:00,Guimarães,8.8,96,0,,,Calm,1017.6,409.4
2026-05-14T08:00,Guimarães,11.9,87,0,,,Calm,1017.4,1293.5
2026-05-14T09:00,Guimarães,14.6,64,0,,,Calm,1017.2,1969
2026-05-14T10:00,Guimarães,16.4,52,0,,,Calm,1016.6,2629.7
2026-05-14T11:00,Guimarães,17.5,49,0,,,Calm,1016.1,
2026-05-14T12:00,Guimarães,17.9,49,0,,,Calm,1015.8,
2026-05-14T13:00,Guimarães,17.7,50,0,,,Calm,1015.6,
2026-05-14T14:00,Guimarães,18.3,50,0,,,Calm,1015.1,
2026-05-14T15:00,Guimarães,18.9,50,0,,,Calm,1014.5,
2026-05-14T16:00,Guimarães,19.1,50,0,,,Calm,1013.8,2241
2026-05-14T17:00,Guimarães,18.6,50,0,,,Calm,1013.6,1935.2
2026-05-14T18:00,Guimarães,17.5,53,0,,,Calm,1013.7,1149.7
2026-05-14T19:00,Guimarães,16.1,56,0,,,Calm,1014,365.2
2026-05-14T20:00,Guimarães,14.7,61,0,,,Calm,1014.3,74
2026-05-14T21:00,Guimarães,13.1,73,0,,,Calm,1014.6,0
2026-05-14T22:00,Guimarães,12.4,76,0,,,Calm,1015.2,0
2026-05-14T23:00,Guimarães,11.9,74,0,,,Calm,1015.4,0
2026-05-15T00:00,Guimarães,11.2,75,0,,,Calm,1015.4,0
2026-05-15T01:00,Guimarães,NO DATA,,,,,,,
2026-05-15T02:00,Guimarães,NO DATA,,,,,,,
2026-05-15T03:00,Guimarães,NO DATA,,,,,,,
2026-05-15T04:00,Guimarães,10.2,79,0,,,Calm,1014.6,0
2026-05-15T05:00,Guimarães,8.3,87,0,,,Calm,1014.5,0
2026-05-15T06:00,Guimarães,8.5,86,0,,,Calm,1014.8,57.2
2026-05-15T07:00,Guimarães,11.4,77,0,,,Calm,1015,601.7
2026-05-15T08:00,Guimarães,12.7,69,0,,,Calm,1015.2,869.2
2026-05-15T09:00,Guimarães,13.2,68,0,,,Calm,1015.2,964.4
2026-05-15T10:00,Guimarães,14.7,62,0,,,Calm,1015.2,
2026-05-15T11:00,Guimarães,16.3,58,0,,,Calm,1015.3,
2026-05-15T12:00,Guimarães,16.7,58,0,,,Calm,1015.1,
2026-05-15T13:00,Guimarães,18,53,0,,,Calm,1014.7,
2026-05-15T14:00,Guimarães,18.5,51,0,,,Calm,1014.5,
2026-05-15T15:00,Guimarães,18.5,52,0,,,Calm,1014.4,
2026-05-15T16:00,Guimarães,19.1,49,0,,,Calm,1014.1,2140.3
2026-05-15T17:00,Guimarães,18,55,0,,,Calm,1014.3,947
2026-05-15T18:00,Guimarães,18.4,54,0,,,Calm,1014.5,1200.7
2026-05-15T19:00,Guimarães,17.6,53,0,,,Calm,1014.9,646.8
2026-05-15T20:00,Guimarães,15.6,58,0,,,Calm,1015.9,77.3
2026-05-15T21:00,Guimarães,14.2,63,0,,,Calm,1016.7,0
2026-05-15T22:00,Guimarães,12.4,69,0,,,Calm,1017.7,0
2026-05-15T23:00,Guimarães,11.4,71,0,,,Calm,1018.1,0
2026-05-16T00:00,Guimarães,10.4,75,0,,,Calm,1018.6,0
2026-05-16T01:00,Guimarães,9.7,78,0,,,Calm,1018.7,0
2026-05-16T02:00,Guimarães,9.2,80,0,,,Calm,1018.8,0
2026-05-16T03:00,Guimarães,8.1,84,0,,,Calm,1019,0
2026-05-16T04:00,Guimarães,7.4,86,0,,,Calm,1019.2,0
2026-05-16T05:00,Guimarães,6.7,89,0,,,Calm,1019.2,0
2026-05-16T06:00,Guimarães,6.3,90,0,,,Calm,1019.5,63.2
2026-05-16T07:00,Guimarães,9.2,82,0,,,Calm,1019.5,646
2026-05-16T08:00,Guimarães,12.2,67,0,,,Calm,1019.6,1312.6
2026-05-16T09:00,Guimarães,14.3,59,0,,,Calm,1019.6,2021.1
2026-05-16T10:00,Guimarães,15.7,52,0,,,Calm,1019.5,2642.1
2026-05-16T11:00,Guimarães,17,50,0,,,Calm,1019.2,3121.8
2026-05-16T12:00,Guimarães,18.3,47,0,,,Calm,1018.6,3420.3
2026-05-16T13:00,Guimarães,19.3,47,0,,,Calm,1018,3510.5
2026-05-16T14:00,Guimarães,19.9,47,0,,,Calm,1017.6,3400.8
2026-05-16T15:00,Guimarães,20,48,0,,,Calm,1017.4,2403
2026-05-16T16:00,Guimarães,18.3,56,0,,,Calm,1017.3,1203.3
2026-05-16T17:00,Guimarães,18.7,54,0,,,Calm,1017.3,2054.3
2026-05-16T18:00,Guimarães,18.3,54,0,,,Calm,1017.1,1370.1
2026-05-16T19:00,Guimarães,16.7,59,0,,,Calm,1017.3,587.2
2026-05-16T20:00,Guimarães,14.3,68,0,,,Calm,1017.7,58.6
2026-05-16T21:00,Guimarães,11.8,78,0,,,Calm,1018.1,0
2026-05-16T22:00,Guimarães,11.4,81,0,,,Calm,1018.6,0
2026-05-16T23:00,Guimarães,11.2,81,0,,,Calm,1018.7,0
2026-05-17T00:00,Guimarães,10,86,0,,,Calm,1018.7,0
2026-05-17T01:00,Guimarães,9.3,88,0,,,Calm,1018.4,0
2026-05-17T02:00,Guimarães,9.1,89,0,,,Calm,1018.4,0
2026-05-17T03:00,Guimarães,9,89,0,,,Calm,1018.3,0
2026-05-17T04:00,Guimarães,8.6,90,0,,,Calm,1017.9,0
2026-05-17T05:00,Guimarães,8.2,90,0,,,Calm,1017.8,0
2026-05-17T06:00,Guimarães,8.2,91,0,,,Calm,1018.1,50
2026-05-17T07:00,Guimarães,9.8,89,0,,,Calm,1018.4,562.3
2026-05-17T08:00,Guimarães,13.1,78,0,,,Calm,1018.2,1256.8
2026-05-17T09:00,Guimarães,14.5,72,0,,,Calm,1018.5,2000.7
2026-05-17T10:00,Guimarães,16.6,63,0,,,Calm,1018.2,
2026-05-17T11:00,Guimarães,17.3,60,0,,,Calm,1018.2,
2026-05-17T12:00,Guimarães,19.1,54,0,,,Calm,1017.7,3426.1
2026-05-17T13:00,Guimarães,20,49,0,,,Calm,1017.3,
2026-05-17T14:00,Guimarães,19.4,55,0,,,Calm,1016.9,
2026-05-17T15:00,Guimarães,19.8,55,0,,,Calm,1016.9,
2026-05-17T16:00,Guimarães,19.6,49,0,,,Calm,1017,2634.4
2026-05-17T17:00,Guimarães,19.2,48,0,,,Calm,1017.1,1992.6
2026-05-17T18:00,Guimarães,18.6,50,0,,,Calm,1017.1,1283.9
2026-05-17T19:00,Guimarães,17.3,56,0,,,Calm,1017.6,519
2026-05-17T20:00,Guimarães,14.9,69,0,,,Calm,1018.2,83.9
2026-05-17T21:00,Guimarães,12.3,79,0,,,Calm,1018.7,0
2026-05-17T22:00,Guimarães,11.1,84,0,,,Calm,1019.4,0
2026-05-17T23:00,Guimarães,10.2,87,0,,,Calm,1019.6,0
2026-05-18T00:00,Guimarães,9.6,89,0,,,Calm,1019.7,0
2026-05-18T01:00,Guimarães,9.1,90,0,,,Calm,1019.8,0
2026-05-18T02:00,Guimarães,8.7,90,0,,,Calm,1019.7,0
2026-05-18T03:00,Guimarães,8.3,91,0,,,Calm,1019.6,0
2026-05-18T04:00,Guimarães,7.9,91,0,,,Calm,1019.5,0
2026-05-18T05:00,Guimarães,7.7,92,0,,,Calm,1019.7,0
2026-05-18T06:00,Guimarães,7.4,92,0,,,Calm,1020,60.8
2026-05-18T07:00,Guimarães,9.4,94,0,,,Calm,1020,538.2
2026-05-18T08:00,Guimarães,12.1,81,0,,,Calm,1020.1,1287.4
2026-05-18T09:00,Guimarães,13.9,76,0,,,Calm,1020.2,1465.5
2026-05-18T10:00,Guimarães,14.6,73,0,,,Calm,1020.7,1205.5
2026-05-18T11:00,Guimarães,16.1,67,0,,,Calm,1020.7,2016.2
2026-05-18T12:00,Guimarães,16.8,63,0,,,Calm,1020.5,1724
2026-05-18T13:00,Guimarães,17.9,58,0,,,Calm,1020.3,
2026-05-18T14:00,Guimarães,18.8,55,0,,,Calm,1019.9,3013.4
2026-05-18T15:00,Guimarães,19.2,52,0,,,Calm,1019.7,3008.6
2026-05-18T16:00,Guimarães,19,53,0,,,Calm,1019.6,2434.7
2026-05-18T17:00,Guimarães,18.3,53,0,,,Calm,1019.8,1944.6
2026-05-18T18:00,Guimarães,16.9,54,0,,,Calm,1020.1,867.6
2026-05-18T19:00,Guimarães,15.7,61,0,,,Calm,1020.6,460
2026-05-18T20:00,Guimarães,14.3,68,0,,,Calm,1021.4,97.7
2026-05-18T21:00,Guimarães,11.9,81,0,,,Calm,1022,0
2026-05-18T22:00,Guimarães,11.7,83,0,,,Calm,1022.2,0
2026-05-18T23:00,Guimarães,12.6,80,0,,,Calm,1022.3,0
2026-05-19T00:00,Guimarães,13.1,79,0,,,Calm,1021.9,0
2026-05-19T01:00,Guimarães,13.2,80,0,,,Calm,1021.6,0
2026-05-19T02:00,Guimarães,12.6,85,0,,,Calm,1021.5,0
2026-05-19T03:00,Guimarães,12.3,88,0,,,Calm,1021.4,0
2026-05-19T04:00,Guimarães,12.5,86,0,,,Calm,1021,0
2026-05-19T05:00,Guimarães,12.7,85,0,,,Calm,1021,0
2026-05-19T06:00,Guimarães,13,85,0,,,Calm,1021.4,14.3
2026-05-19T07:00,Guimarães,13.2,88,0.3,,,Calm,1021.8,100.1
2026-05-19T08:00,Guimarães,13.7,90,0.3,,,Calm,1022.2,353.4
2026-05-19T09:00,Guimarães,14.5,89,0.5,,,Calm,1022.4,577.2
2026-05-19T10:00,Guimarães,15.4,87,0.3,,,Calm,1022.4,897.2
2026-05-19T11:00,Guimarães,16.1,86,0.7,,,Calm,1022.4,514.6
2026-05-19T12:00,Guimarães,16.3,88,1.8,,,Calm,1022.7,553.2
2026-05-19T13:00,Guimarães,16.8,88,0.3,,,Calm,1022.8,757.1
2026-05-19T14:00,Guimarães,16.6,89,0,,,Calm,1023.3,994.4
2026-05-19T15:00,Guimarães,17.5,85,0,,,Calm,1023.2,
2026-05-19T16:00,Guimarães,19.4,76,0,,,Calm,1022.9,1923.4
2026-05-19T17:00,Guimarães,20.1,69,0,,,Calm,1022.8,1935.1
2026-05-19T18:00,Guimarães,19.4,68,0,,,Calm,1023,1078.2
2026-05-19T19:00,Guimarães,17.8,72,0,,,Calm,1023.5,432.6
2026-05-19T20:00,Guimarães,15.4,83,0,,,Calm,1024,87
2026-05-19T21:00,Guimarães,13.2,89,0,,,Calm,1024.5,0
2026-05-19T22:00,Guimarães,12.6,90,0,,,Calm,1024.9,0
2026-05-19T23:00,Guimarães,11.8,91,0,,,Calm,1025,0
2026-05-20T00:00,Guimarães,11.1,92,0,,,Calm,1024.9,0
2026-05-20T01:00,Guimarães,10.5,93,0,,,Calm,1025,0
2026-05-20T02:00,Guimarães,9.9,94,0,,,Calm,1024.9,0
2026-05-20T03:00,Guimarães,9.5,94,0,,,Calm,1024.9,0
2026-05-20T04:00,Guimarães,8.9,95,0,,,Calm,1024.8,0
2026-05-20T05:00,Guimarães,8.5,95,0,,,Calm,1024.7,0
2026-05-20T06:00,Guimarães,8,95,0,,,Calm,1024.8,67
2026-05-20T07:00,Guimarães,10.3,,0,,,Calm,1024.8,595.4
2026-05-20T08:00,Guimarães,13.6,,0,,,Calm,1024.5,1365.7
2026-05-20T09:00,Guimarães,16.7,76,0,,,Calm,1024,1982.5
2026-05-20T10:00,Guimarães,20.2,61,0,,,Calm,1023.2,2662.8
2026-05-20T11:00,Guimarães,23.1,49,0,,,Calm,1022.8,3131.8
2026-05-20T12:00,Guimarães,24.8,35,0,,,Calm,1022.4,3408.9
2026-05-20T13:00,Guimarães,26.2,31,0,,,Calm,1021.9,3476.7
2026-05-20T14:00,Guimarães,27.2,28,0,,,Calm,1021.4,3394.5
2026-05-20T15:00,Guimarães,27.9,26,0,,,Calm,1021.2,3078.6
2026-05-20T16:00,Guimarães,28.9,26,0,,,Calm,1020.7,2590.1
2026-05-20T17:00,Guimarães,28.6,33,0,,,Calm,1020.5,1921.9
2026-05-20T18:00,Guimarães,27.7,38,0,,,Calm,1020.4,1280.2
2026-05-20T19:00,Guimarães,25.9,45,0,,,Calm,1020.7,594.5
2026-05-20T20:00,Guimarães,21.5,59,0,,,Calm,1020.7,97.8
2026-05-20T21:00,Guimarães,19.2,64,0,,,Calm,1021.1,0
2026-05-20T22:00,Guimarães,17.9,70,0,,,Calm,1021.4,0
2026-05-20T23:00,Guimarães,16.8,75,0,,,Calm,1021.4,0
2026-05-21T00:00,Guimarães,15.9,79,0,,,Calm,1021.3,0
2026-05-21T01:00,Guimarães,15.3,80,0,,,Calm,1020.9,0
2026-05-21T02:00,Guimarães,14.6,83,0,,,Calm,1020.7,0
2026-05-21T03:00,Guimarães,14,84,0,,,Calm,1020.8,0
2026-05-21T04:00,Guimarães,13.8,85,0,,,Calm,1020.7,0
2026-05-21T05:00,Guimarães,13.3,86,0,,,Calm,1020.6,0.1
2026-05-21T06:00,Guimarães,13,88,0,,,Calm,1020.8,68.3
2026-05-21T07:00,Guimarães,16.9,77,0,,,Calm,1020.8,600
2026-05-21T08:00,Guimarães,20.5,67,0,,,Calm,1020.7,1265.9
2026-05-21T09:00,Guimarães,24.1,57,0,,,Calm,1020.7,1924.4
2026-05-21T10:00,Guimarães,26.3,51,0,,,Calm,1020.6,2358.6
2026-05-21T11:00,Guimarães,28.3,44,0,,,Calm,1020.7,2934
2026-05-21T12:00,Guimarães,27.5,46,0,,,Calm,1021.2,3098.5
2026-05-21T13:00,Guimarães,26.7,47,0,,,Calm,1021.6,3297.7
2026-05-21T14:00,Guimarães,27.3,41,0,,,Calm,1021.8,3183.9
2026-05-21T15:00,Guimarães,27.9,36,0,,,Calm,1021.8,2988.9
2026-05-21T16:00,Guimarães,28.7,30,0,,,Calm,1021.4,2476
2026-05-21T17:00,Guimarães,28.8,28,0,,,Calm,1021,1849.2
2026-05-21T18:00,Guimarães,27.8,36,0,,,Calm,1020.6,1075.3
2026-05-21T19:00,Guimarães,24.6,49,0,,,Calm,1020.5,533.2
2026-05-21T20:00,Guimarães,22.9,52,0,,,Calm,1020.5,126.2
2026-05-21T21:00,Guimarães,20.9,59,0,,,Calm,1020.7,0
2026-05-21T22:00,Guimarães,19.9,63,0,,,Calm,1020.9,0
2026-05-21T23:00,Guimarães,18.7,68,0,,,Calm,1020.8,0
2026-05-22T00:00,Guimarães,17.8,73,0,,,Calm,1020.7,0
2026-05-22T01:00,Guimarães,17.2,75,0,,,Calm,1020.4,0
2026-05-22T02:00,Guimarães,16.7,77,0,,,Calm,1020.1,0
2026-05-22T03:00,Guimarães,16.5,79,0,,,Calm,1020,0
2026-05-22T04:00,Guimarães,16.3,80,0,,,Calm,1020,0
2026-05-22T05:00,Guimarães,15.8,82,0,,,Calm,1020.1,0
2026-05-22T06:00,Guimarães,15.7,84,0,,,Calm,1020.1,84.9
2026-05-22T07:00,Guimarães,17.5,81,0,,,Calm,1020.1,413.4
2026-05-22T08:00,Guimarães,20.6,74,0,,,Calm,1019.8,929.8
2026-05-22T09:00,Guimarães,25.7,59,0,,,Calm,1019.2,1780.1
2026-05-22T10:00,Guimarães,28.9,49,0,,,Calm,1019.2,2341.1
2026-05-22T11:00,Guimarães,28.8,47,0,,,Calm,1020,2861.5
2026-05-22T12:00,Guimarães,29,43,0,,,Calm,1020.4,3027.4
2026-05-22T13:00,Guimarães,29.4,41,0,,,Calm,1020.2,1900.4
2026-05-22T14:00,Guimarães,30.4,40,0,,,Calm,1019.8,2530.4
2026-05-22T15:00,Guimarães,30,39,0,,,Calm,1019.9,2248.2
2026-05-22T16:00,Guimarães,27.7,38,0,,,Calm,1020.5,1825.4
2026-05-22T17:00,Guimarães,26.7,36,0,,,Calm,1021.1,1448.5
2026-05-22T18:00,Guimarães,26.9,35,0,,,Calm,1021,1069.5
2026-05-22T19:00,Guimarães,25.9,38,0,,,Calm,1020.9,456.2
2026-05-22T20:00,Guimarães,22.2,50,0,,,Calm,1021,63.1
2026-05-22T21:00,Guimarães,21.5,53,0,,,Calm,1021.2,0
2026-05-22T22:00,Guimarães,20.9,57,0,,,Calm,1021.3,0
2026-05-22T23:00,Guimarães,19.9,62,2.5,,,Calm,1021.3,0
2026-05-23T00:00,Guimarães,18.9,77,0,,,Calm,1021.4,0
2026-05-23T01:00,Guimarães,18.6,79,0,,,Calm,1021.6,0
2026-05-23T02:00,Guimarães,17,88,0,,,Calm,1020.8,0
2026-05-23T03:00,Guimarães,18.1,79,0,,,Calm,1020.1,
2026-05-23T04:00,Guimarães,17.8,81,0,,,Calm,1020.7,0
2026-05-23T05:00,Guimarães,18.9,73,0,,,Calm,1020.1,0
2026-05-23T06:00,Guimarães,18.7,72,0,,,Calm,1020,36.4
2026-05-23T07:00,Guimarães,19.4,69,0,,,Calm,1020.4,143.4
2026-05-23T08:00,Guimarães,19.9,70,0,,,Calm,1021.5,337.7
2026-05-23T09:00,Guimarães,19.9,76,0,,,Calm,1022.4,802
2026-05-23T10:00,Guimarães,21.6,68,0,,,Calm,1022.7,648.7
2026-05-23T11:00,Guimarães,22.3,65,0,,,Calm,1023,829.6
2026-05-23T12:00,Guimarães,20.5,72,0,,,Calm,1022.9,203.9
2026-05-23T13:00,Guimarães,20.3,70,0,,,Calm,1023,369
2026-05-23T14:00,Guimarães,23.5,62,0,,,Calm,1023.1,
2026-05-23T15:00,Guimarães,25.4,53,0,,,Calm,1022.3,
2026-05-23T16:00,Guimarães,25.8,55,0,,,Calm,1021.8,2010.1
2026-05-23T17:00,Guimarães,26.2,51,0,,,Calm,1021.3,1996.2
2026-05-23T18:00,Guimarães,26.6,52,0,,,Calm,1020.6,1242.8
2026-05-23T19:00,Guimarães,23.4,67,0,,,Calm,1020.5,348
2026-05-23T20:00,Guimarães,22.6,62,0,,,Calm,1020.4,58.2
2026-05-23T21:00,Guimarães,21.4,61,0,,,Calm,1020.7,0
2026-05-23T22:00,Guimarães,19.4,72,0,,,Calm,1020.9,0
2026-05-23T23:00,Guimarães,18.9,71,0,,,Calm,1020.7,0
2026-05-24T00:00,Guimarães,17.9,83,1.5,,,Calm,1020.8,0.4
2026-05-24T01:00,Guimarães,NO DATA,,,,,,,
2026-05-24T02:00,Guimarães,NO DATA,,,,,,,
2026-05-24T03:00,Guimarães,NO DATA,,,,,,,
2026-05-24T04:00,Guimarães,16.6,85,0.2,,,Calm,1020.6,0
2026-05-24T05:00,Guimarães,16.5,82,0,,,Calm,1020.6,0.2
2026-05-24T06:00,Guimarães,15.7,86,0,,,Calm,1020.4,60.6
2026-05-24T07:00,Guimarães,17.7,82,0,,,Calm,1020,536.6
2026-05-24T08:00,Guimarães,21.4,70,0,,,Calm,1019.6,1115
2026-05-24T09:00,Guimarães,24.7,62,0,,,Calm,1019.3,1558.7
2026-05-24T10:00,Guimarães,26.4,50,0,,,Calm,1019.6,1919.4
2026-05-24T11:00,Guimarães,27.2,51,0,,,Calm,1019.7,3042.1
2026-05-24T12:00,Guimarães,24.8,65,0,,,Calm,1020.2,3075.9
2026-05-24T13:00,Guimarães,25.1,65,0,,,Calm,1020.1,3340.7
2026-05-24T14:00,Guimarães,26.2,62,0,,,Calm,1019.8,3202.2
2026-05-24T15:00,Guimarães,27,59,0,,,Calm,1019.6,2902.5
2026-05-24T16:00,Guimarães,27.5,52,0,,,Calm,1019.6,2307.5
2026-05-24T17:00,Guimarães,26.6,52,0,,,Calm,1019.5,1513.6
2026-05-24T18:00,Guimarães,24,64,1.3,,,Calm,1019.8,561.9
2026-05-24T19:00,Guimarães,19.6,87,0.4,,,Calm,1019.9,89.4
2026-05-24T20:00,Guimarães,19.4,88,0,,,Calm,1020.3,38.8
2026-05-24T21:00,Guimarães,18.8,90,0,,,Calm,1020.6,0
2026-05-24T22:00,Guimarães,18.3,91,0,,,Calm,1021.1,0
2026-05-24T23:00,Guimarães,17.9,94,0,,,Calm,1021,0
2026-05-25T00:00,Guimarães,17.2,95,0,,,Calm,1021,0
2026-05-25T01:00,Guimarães,16.7,96,0,,,Calm,1020.6,0
2026-05-25T02:00,Guimarães,16.4,98,0,,,Calm,1020.5,0
2026-05-25T03:00,Guimarães,15.9,98,0,,,Calm,1020.5,0
2026-05-25T04:00,Guimarães,15.6,99,0,,,Calm,1020.9,0
2026-05-25T05:00,Guimarães,15.2,99,0,,,Calm,1021.2,0
2026-05-25T06:00,Guimarães,15.2,100,0,,,Calm,1021.8,82.6
2026-05-25T07:00,Guimarães,16.1,,0,,,Calm,1022.2,313.5
2026-05-25T08:00,Guimarães,16.6,,0,,,Calm,1022.4,661.8
2026-05-25T09:00,Guimarães,18.2,,0,,,Calm,1022.5,1609.5
2026-05-25T10:00,Guimarães,21.4,81,0,,,Calm,1022.2,2121.5
2026-05-25T11:00,Guimarães,23.2,75,0,,,Calm,1022.1,2580.6
2026-05-25T12:00,Guimarães,25.5,63,0,,,Calm,1021.9,3053.3
2026-05-25T13:00,Guimarães,27.1,54,0,,,Calm,1021.4,3319.7
2026-05-25T14:00,Guimarães,27.7,52,0,,,Calm,1021.1,3314
2026-05-25T15:00,Guimarães,27.6,46,0,,,Calm,1021.2,3014.8
2026-05-25T16:00,Guimarães,27.5,45,0,,,Calm,1021.2,2526.6
2026-05-25T17:00,Guimarães,27,43,0,,,Calm,1021.3,1961.7
2026-05-25T18:00,Guimarães,25.8,44,0,,,Calm,1021.4,1254.7
2026-05-25T19:00,Guimarães,23.9,50,0,,,Calm,1021.8,530.4
2026-05-25T20:00,Guimarães,20.6,64,0,,,Calm,1022.2,94.3
2026-05-25T21:00,Guimarães,19,66,0,,,Calm,1022.6,0.1
2026-05-25T22:00,Guimarães,18,70,0,,,Calm,1023,0
2026-05-25T23:00,Guimarães,17.3,72,0,,,Calm,1022.8,0
2026-05-26T00:00,Guimarães,16.3,80,0,,,Calm,1022.6,0
2026-05-26T01:00,Guimarães,15.4,83,0,,,Calm,1022.5,0
2026-05-26T02:00,Guimarães,14.9,84,0,,,Calm,1022.3,0
2026-05-26T03:00,Guimarães,14.2,87,0,,,Calm,1022.3,0
2026-05-26T04:00,Guimarães,13.8,89,0,,,Calm,1022.5,0
2026-05-26T05:00,Guimarães,13.4,90,0,,,Calm,1022.5,0.1
2026-05-26T06:00,Guimarães,13.1,91,0,,,Calm,1022.9,83
2026-05-26T07:00,Guimarães,15.7,86,0,,,Calm,1023.1,576.2
2026-05-26T08:00,Guimarães,19.7,71,0,,,Calm,1023.1,1272.8
2026-05-26T09:00,Guimarães,22.2,63,0,,,Calm,1023,1893
2026-05-26T10:00,Guimarães,25.2,58,0,,,Calm,1022.9,2477.9
2026-05-26T11:00,Guimarães,27.3,45,0,,,Calm,1022.8,2990.5
2026-05-26T12:00,Guimarães,28.6,36,0,,,Calm,1022.6,3291.2
2026-05-26T13:00,Guimarães,29.5,35,0,,,Calm,1022.1,3393.7
2026-05-26T14:00,Guimarães,30.5,32,0,,,Calm,1021.5,3282.6
2026-05-26T15:00,Guimarães,30.9,32,0,,,Calm,1021.1,2977.1
2026-05-26T16:00,Guimarães,31.3,31,0,,,Calm,1020.7,2475.5
2026-05-26T17:00,Guimarães,31.1,32,0,,,Calm,1020.3,1919.1
2026-05-26T18:00,Guimarães,28.4,48,0,,,Calm,1020.1,968
2026-05-26T19:00,Guimarães,25.3,54,0,,,Calm,1019.9,308.7
2026-05-26T20:00,Guimarães,23.8,55,0,,,Calm,1019.8,78.2
2026-05-26T21:00,Guimarães,22.2,60,0,,,Calm,1020,0.1
2026-05-26T22:00,Guimarães,21.3,64,0,,,Calm,1020.3,0
2026-05-26T23:00,Guimarães,20.3,70,0,,,Calm,1020.3,0
2026-05-27T00:00,Guimarães,19.5,73,0,,,Calm,1020.2,0
2026-05-27T01:00,Guimarães,18.8,75,0,,,Calm,1019.8,0
2026-05-27T02:00,Guimarães,18.2,77,0,,,Calm,1019.5,0
2026-05-27T03:00,Guimarães,17.8,78,0,,,Calm,1019.2,0
2026-05-27T04:00,Guimarães,17.3,80,0,,,Calm,1019.2,0
2026-05-27T05:00,Guimarães,17.1,81,0,,,Calm,1019.3,0.1
2026-05-27T06:00,Guimarães,17.3,80,0,,,Calm,1019.6,92.6
2026-05-27T07:00,Guimarães,19.6,77,0,,,Calm,1020,493
2026-05-27T08:00,Guimarães,23.1,67,0,,,Calm,1019.7,1134.4
2026-05-27T09:00,Guimarães,25.9,59,0,,,Calm,1019.4,1762.9
2026-05-27T10:00,Guimarães,28.6,52,0,,,Calm,1019.2,2387.1
2026-05-27T11:00,Guimarães,31.6,40,0,,,Calm,1018.8,2933.7
2026-05-27T12:00,Guimarães,32.8,33,0,,,Calm,1018.5,3235.2
2026-05-27T13:00,Guimarães,33.5,31,0,,,Calm,1018.2,3322
2026-05-27T14:00,Guimarães,33.3,38,0,,,Calm,1017.9,3215.3
2026-05-27T15:00,Guimarães,32.2,35,0,,,Calm,1017.8,2952.7
2026-05-27T16:00,Guimarães,32,34,0,,,Calm,1017.3,2455.2
2026-05-27T17:00,Guimarães,31.4,36,0,,,Calm,1017,1843.4
2026-05-27T18:00,Guimarães,30.5,36,0,,,Calm,1016.9,1152.1
2026-05-27T19:00,Guimarães,28.1,41,0,,,Calm,1017.2,462.8
2026-05-27T20:00,Guimarães,25.2,44,0,,,Calm,1018.2,89.7
2026-05-27T21:00,Guimarães,22.2,51,0,,,Calm,1019,0.1
2026-05-27T22:00,Guimarães,21.6,55,0,,,Calm,1019.8,0
2026-05-27T23:00,Guimarães,19.9,65,0,,,Calm,1019.5,0
2026-05-28T00:00,Guimarães,18.8,68,0,,,Calm,1019.6,0
2026-05-28T01:00,Guimarães,NO DATA,,,,,,,
2026-05-28T02:00,Guimarães,NO DATA,,,,,,,
2026-05-28T03:00,Guimarães,NO DATA,,,,,,,
2026-05-28T04:00,Guimarães,16,81,0,,,Calm,1019.1,0
2026-05-28T05:00,Guimarães,15.5,82,0,,,Calm,1019.5,0.1
2026-05-28T06:00,Guimarães,15.6,83,0,,,Calm,1019.9,88.5
2026-05-28T07:00,Guimarães,18.1,77,0,,,Calm,1019.7,590
2026-05-28T08:00,Guimarães,20.3,71,0,,,Calm,1019.6,1256.3
2026-05-28T09:00,Guimarães,23.2,63,0,,,Calm,1019.3,1922.5
2026-05-28T10:00,Guimarães,26.1,50,0,,,Calm,1018.6,2553.8
2026-05-28T11:00,Guimarães,27.5,49,0,,,Calm,1018.5,2900.5
2026-05-28T12:00,Guimarães,27.6,54,0,,,Calm,1018.9,3253.3
2026-05-28T13:00,Guimarães,26.9,56,0,,,Calm,1019,3386.6
2026-05-28T14:00,Guimarães,27.3,54,0,,,Calm,1018.9,3298.8
2026-05-28T15:00,Guimarães,26.1,57,0,,,Calm,1019.3,3013.2
2026-05-28T16:00,Guimarães,25.8,54,0,,,Calm,1019.4,2574.8
2026-05-28T17:00,Guimarães,26.1,50,0,,,Calm,1019.3,1964.5
2026-05-28T18:00,Guimarães,25.5,53,0,,,Calm,1019.3,1274.1
2026-05-28T19:00,Guimarães,22.9,63,0,,,Calm,1019.7,564.8
2026-05-28T20:00,Guimarães,19.9,74,0,,,Calm,1020.4,119
2026-05-28T21:00,Guimarães,17.7,82,0,,,Calm,1021.1,0
2026-05-28T22:00,Guimarães,16.6,86,0,,,Calm,1021.9,0
2026-05-28T23:00,Guimarães,15.7,88,0,,,Calm,1022.1,0
2026-05-29T00:00,Guimarães,16,88,0,,,Calm,1022,0
2026-05-29T01:00,Guimarães,16,87,0,,,Calm,1021.8,0
2026-05-29T02:00,Guimarães,16,87,0,,,Calm,1021.6,0
2026-05-29T03:00,Guimarães,16.1,86,0,,,Calm,1021.2,0
2026-05-29T04:00,Guimarães,16.1,86,0,,,Calm,1021.1,0
2026-05-29T05:00,Guimarães,16,86,0,,,Calm,1021,0.3
2026-05-29T06:00,Guimarães,15.2,89,0,,,Calm,1021.1,73.2
2026-05-29T07:00,Guimarães,16.1,87,0,,,Calm,1021.6,210.1
2026-05-29T08:00,Guimarães,17.3,83,0,,,Calm,1021.5,1099.6
2026-05-29T09:00,Guimarães,20,74,0,,,Calm,1021.5,1935
2026-05-29T10:00,Guimarães,22.1,70,0,,,Calm,1021.3,2593
2026-05-29T11:00,Guimarães,23.4,66,0,,,Calm,1021.3,2734.5
2026-05-29T12:00,Guimarães,24.9,63,0,,,Calm,1021.2,3193.4
2026-05-29T13:00,Guimarães,25.3,64,0,,,Calm,1021.2,3134.1
2026-05-29T14:00,Guimarães,26.4,61,0,,,Calm,1020.8,3307.5
2026-05-29T15:00,Guimarães,26.7,60,0,,,Calm,1020.6,3037.3
2026-05-29T16:00,Guimarães,27,59,0,,,Calm,1020.4,2590.7
2026-05-29T17:00,Guimarães,26,61,0,,,Calm,1020.4,1947.3
2026-05-29T18:00,Guimarães,24.2,66,0,,,Calm,1020.6,1317.4
2026-05-29T19:00,Guimarães,22.8,69,0,,,Calm,1020.8,578.5
2026-05-29T20:00,Guimarães,20.8,73,0,,,Calm,1021.2,133.3
2026-05-29T21:00,Guimarães,18.7,80,0,,,Calm,1021.8,1
2026-05-29T22:00,Guimarães,17.3,84,0,,,Calm,1022.6,0
2026-05-29T23:00,Guimarães,16.1,87,0,,,Calm,1022.7,0
2026-05-30T00:00,Guimarães,15.2,89,0,,,Calm,1022.5,0
2026-05-30T01:00,Guimarães,NO DATA,,,,,,,
2026-05-30T02:00,Guimarães,NO DATA,,,,,,,
2026-05-30T03:00,Guimarães,NO DATA,,,,,,,
2026-05-30T04:00,Guimarães,15.9,94,0,,,Calm,1022.2,0
2026-05-30T05:00,Guimarães,15.9,95,0,,,Calm,1022.2,0
2026-05-30T06:00,Guimarães,15.8,95,0,,,Calm,1022.3,25.1
2026-05-30T07:00,Guimarães,16.1,97,0.1,,,Calm,1022.7,163.2
2026-05-30T08:00,Guimarães,16.8,98,0,,,Calm,1022.6,373.6
2026-05-30T09:00,Guimarães,17.6,89,0.1,,,Calm,1022.9,522
2026-05-30T10:00,Guimarães,19,83,0,,,Calm,1022.7,887.8
2026-05-30T11:00,Guimarães,20,80,0,,,Calm,1022.7,1021.7
2026-05-30T12:00,Guimarães,20.3,79,0,,,Calm,1022.7,1099.1
2026-05-30T13:00,Guimarães,22,73,0,,,Calm,1022.2,
2026-05-30T14:00,Guimarães,24.1,65,0,,,Calm,1021.6,
2026-05-30T15:00,Guimarães,24.7,63,0,,,Calm,1021,3058.7
2026-05-30T16:00,Guimarães,25.4,61,0,,,Calm,1020.8,2587.8
2026-05-30T17:00,Guimarães,24.8,62,0,,,Calm,1020.8,1997.5
2026-05-30T18:00,Guimarães,23.4,66,0,,,Calm,1020.8,1319.6
2026-05-30T19:00,Guimarães,22,69,0,,,Calm,1021.1,607.2
2026-05-30T20:00,Guimarães,20.2,74,0,,,Calm,1021.5,125.3
2026-05-30T21:00,Guimarães,17.7,82,0,,,Calm,1022,0.1
2026-05-30T22:00,Guimarães,16.5,85,0,,,Calm,1022.4,0
2026-05-30T23:00,Guimarães,16.1,85,0,,,Calm,1022.5,0
2026-05-31T00:00,Guimarães,15.1,88,0,,,Calm,1022.5,0
2026-05-31T01:00,Guimarães,14.6,89,0,,,Calm,1022.1,0
2026-05-31T02:00,Guimarães,14.2,91,0,,,Calm,1021.8,0
2026-05-31T03:00,Guimarães,14,92,0,,,Calm,1021.7,0
2026-05-31T04:00,Guimarães,13.7,93,0,,,Calm,1021.7,
2026-05-31T13:00,Guimarães,27.6,48,0,,,Calm,1019.7,3442.4
2026-05-31T14:00,Guimarães,28.8,43,0,,,Calm,1019.1,3340.1
2026-05-31T15:00,Guimarães,28.8,43,0,,,Calm,1018.8,2986.7
2026-05-31T16:00,Guimarães,29.3,40,0,,,Calm,1018.6,2430.2
2026-05-31T17:00,Guimarães,29.3,41,0,,,Calm,1018.3,2019.2
2026-05-31T18:00,Guimarães,27.2,48,0,,,Calm,1018.3,1292.4
2026-05-31T19:00,Guimarães,25.5,52,0,,,Calm,1018.5,669.1
2026-05-31T20:00,Guimarães,23,60,0,,,Calm,1019.1,141.9
2026-05-31T21:00,Guimarães,19.6,73,0,,,Calm,1019.5,0.6
2026-05-31T22:00,Guimarães,18.2,78,0,,,Calm,1020,0
2026-05-31T23:00,Guimarães,17.2,81,0,,,Calm,1020.1,0
2026-05-31T05:00,Guimarães,NO DATA,,,,,,,
2026-05-31T06:00,Guimarães,NO DATA,,,,,,,
2026-05-31T07:00,Guimarães,NO DATA,,,,,,,
2026-05-31T08:00,Guimarães,NO DATA,,,,,,,
2026-05-31T09:00,Guimarães,NO DATA,,,,,,,
2026-05-31T10:00,Guimarães,NO DATA,,,,,,,
2026-05-31T11:00,Guimarães,NO DATA,,,,,,,
2026-05-31T12:00,Guimarães,NO DATA,,,,,,,
2026-06-01T00:00,Guimarães,16.3,84,0,,,Calm,1019.8,0
2026-06-01T01:00,Guimarães,15.6,86,0,,,Calm,1019.3,0
2026-06-01T02:00,Guimarães,15,88,0,,,Calm,1019.2,0
2026-06-01T03:00,Guimarães,14.6,89,0,,,Calm,1019.2,0
2026-06-01T04:00,Guimarães,14.2,90,0,,,Calm,1019.2,0
2026-06-01T05:00,Guimarães,13.8,91,0,,,Calm,1019.1,0.6
2026-06-01T06:00,Guimarães,13.7,93,0,,,Calm,1019.2,86.1
2026-06-01T07:00,Guimarães,16.2,90,0,,,Calm,1019.3,601.5
2026-06-01T08:00,Guimarães,18.9,77,0,,,Calm,1019.3,1305.3
2026-06-01T09:00,Guimarães,20.5,73,0,,,Calm,1019.4,1894.2
2026-06-01T10:00,Guimarães,20.9,73,0,,,Calm,1019.4,2509.7
2026-06-01T11:00,Guimarães,22.7,67,0,,,Calm,1019.1,2945
2026-06-01T12:00,Guimarães,24.1,61,0,,,Calm,1018.7,3333.2
2026-06-01T13:00,Guimarães,25.1,57,0,,,Calm,1018.7,3439.9
2026-06-01T14:00,Guimarães,25.3,56,0,,,Calm,1018.4,3364.4
2026-06-01T15:00,Guimarães,26.4,50,0,,,Calm,1017.9,3096
2026-06-01T16:00,Guimarães,26,52,0,,,Calm,1017.7,2649.2
2026-06-01T17:00,Guimarães,22.9,60,0,,,Calm,1018.5,2061.6
2026-06-01T18:00,Guimarães,20.9,69,0,,,Calm,1018.8,1360.1
2026-06-01T19:00,Guimarães,19.2,76,0,,,Calm,1019.5,683.8
2026-06-01T20:00,Guimarães,17.9,80,0,,,Calm,1019.7,119.2
2026-06-01T21:00,Guimarães,17.2,83,0,,,Calm,1020.3,3.2
2026-06-01T22:00,Guimarães,17.1,84,0,,,Calm,1020.5,0
2026-06-01T23:00,Guimarães,17.1,84,0,,,Calm,1020.5,0
2026-06-02T00:00,Guimarães,17.2,83,0,,,Calm,1020.5,0
2026-06-02T01:00,Guimarães,17,84,0,,,Calm,1020.7,0
2026-06-02T02:00,Guimarães,16.7,85,0,,,Calm,1020.4,0
2026-06-02T03:00,Guimarães,16.5,87,0,,,Calm,1020.1,0
2026-06-02T04:00,Guimarães,16.4,89,0.2,,,Calm,1019.9,0
2026-06-02T05:00,Guimarães,16.5,91,0,,,Calm,1019.8,0.1
2026-06-02T06:00,Guimarães,16.1,89,0,,,Calm,1020.3,47.9
2026-06-02T07:00,Guimarães,16.2,85,0,,,Calm,1021,377.5
2026-06-02T08:00,Guimarães,17.3,78,0,,,Calm,1021.2,1010.7
2026-06-02T09:00,Guimarães,18.7,70,0,,,Calm,1021.4,1666.4
2026-06-02T10:00,Guimarães,19.4,63,0,,,Calm,1021.5,1880.7
2026-06-02T11:00,Guimarães,20.4,57,0,,,Calm,1021.6,1914.4
2026-06-02T12:00,Guimarães,20.8,58,0,,,Calm,1021.7,
2026-06-02T13:00,Guimarães,21.1,60,0,,,Calm,1021.6,
2026-06-02T14:00,Guimarães,21.4,57,0,,,Calm,1021.4,
2026-06-02T15:00,Guimarães,22.2,52,0,,,Calm,1021.2,
2026-06-02T16:00,Guimarães,22.1,50,0,,,Calm,1021.4,2610.1
2026-06-02T17:00,Guimarães,21.7,51,0,,,Calm,1021.5,2088.6
2026-06-02T18:00,Guimarães,20.8,53,0,,,Calm,1021.6,1309.4
2026-06-02T19:00,Guimarães,19.9,55,0,,,Calm,1021.9,711
2026-06-02T20:00,Guimarães,17.9,61,0,,,Calm,1022.6,159.5
2026-06-02T21:00,Guimarães,15.8,71,0,,,Calm,1023,1
2026-06-02T22:00,Guimarães,14.6,76,0,,,Calm,1023.5,0
2026-06-02T23:00,Guimarães,13.5,80,0,,,Calm,1023.7,0
2026-06-03T00:00,Guimarães,13,83,0,,,Calm,1023.9,0
2026-06-03T01:00,Guimarães,12.5,84,0,,,Calm,1024.1,0
2026-06-03T02:00,Guimarães,12.1,86,0,,,Calm,1023.7,0
2026-06-03T03:00,Guimarães,12.7,84,0,,,Calm,1023.5,0
2026-06-03T04:00,Guimarães,11.7,87,0,,,Calm,1023.7,0
2026-06-03T05:00,Guimarães,11.6,88,0,,,Calm,1023.6,0.6
2026-06-03T06:00,Guimarães,11.7,88,0,,,Calm,1023.6,96.8
2026-06-03T07:00,Guimarães,14.8,79,0,,,Calm,1023.1,668
2026-06-03T08:00,Guimarães,17.1,69,0,,,Calm,1023,1315.4
2026-06-03T09:00,Guimarães,18.2,64,0,,,Calm,1022.8,1860.2
2026-06-03T10:00,Guimarães,20.3,59,0,,,Calm,1022.4,2591.2
2026-06-03T11:00,Guimarães,21.8,60,0,,,Calm,1022.1,
2026-06-03T12:00,Guimarães,21.5,63,0,,,Calm,1022,
2026-06-03T13:00,Guimarães,21.6,64,0,,,Calm,1021.7,
2026-06-03T14:00,Guimarães,21.6,65,0,,,Calm,1021.4,
2026-06-03T15:00,Guimarães,22,65,0,,,Calm,1021,
2026-06-03T16:00,Guimarães,20.4,70,0,,,Calm,1020.8,763.9
2026-06-03T17:00,Guimarães,19.6,75,0,,,Calm,1020.7,519.1
2026-06-03T18:00,Guimarães,19,80,0,,,Calm,1020.4,648
2026-06-03T19:00,Guimarães,18.4,83,0,,,Calm,1020,365
2026-06-03T20:00,Guimarães,17.7,85,0.2,,,Calm,1019.9,47.4
2026-06-03T21:00,Guimarães,17.1,89,0.2,,,Calm,1019.6,0.4
2026-06-03T22:00,Guimarães,16.9,89,0,,,Calm,1019.8,0
2026-06-03T23:00,Guimarães,16.7,89,0,,,Calm,1019.4,0
2026-06-04T00:00,Guimarães,16.2,88,0.2,,,Calm,1019.4,0
2026-06-04T01:00,Guimarães,15.6,88,0.3,,,Calm,1019.3,0
2026-06-04T02:00,Guimarães,15.1,87,0.4,,,Calm,1019,0
2026-06-04T03:00,Guimarães,14.8,85,0,,,Calm,1018.9,0
2026-06-04T04:00,Guimarães,14.3,87,0,,,Calm,1018.6,0
2026-06-04T05:00,Guimarães,14.9,81,0,,,Calm,1018.6,0.1
2026-06-04T06:00,Guimarães,15,81,0,,,Calm,1018.7,88.3
2026-06-04T07:00,Guimarães,15.6,78,0,,,Calm,1018.9,416.5
2026-06-04T08:00,Guimarães,16.5,75,0,,,Calm,1018.8,852.2
2026-06-04T09:00,Guimarães,17.4,70,0,,,Calm,1019,1256.4
2026-06-04T10:00,Guimarães,17.3,71,0.4,,,Calm,1019,909
2026-06-04T11:00,Guimarães,15.9,82,0.8,,,Calm,1019.4,534.5
2026-06-04T12:00,Guimarães,16.3,82,0,,,Calm,1019.4,1186.9
2026-06-04T13:00,Guimarães,18.2,68,0,,,Calm,1019.1,1566.4
2026-06-04T14:00,Guimarães,19.6,60,0,,,Calm,1018.8,
2026-06-04T15:00,Guimarães,19.7,58,0,,,Calm,1018.5,
2026-06-04T16:00,Guimarães,21.2,50,0,,,Calm,1018.1,2769.3
2026-06-04T17:00,Guimarães,20.4,51,0,,,Calm,1018.2,2151.5
2026-06-04T18:00,Guimarães,19.4,50,0,,,Calm,1018,1470
2026-06-04T19:00,Guimarães,18.3,51,0,,,Calm,1018.5,740.9
2026-06-04T20:00,Guimarães,16.4,60,0,,,Calm,1019,172.7
2026-06-04T21:00,Guimarães,14,68,0,,,Calm,1019.5,1.2
2026-06-04T22:00,Guimarães,12.5,72,0,,,Calm,1020,0
2026-06-04T23:00,Guimarães,11.3,79,0,,,Calm,1020.1,0
2026-06-05T00:00,Guimarães,10.4,83,0,,,Calm,1020.2,0
2026-06-05T01:00,Guimarães,9.7,86,0,,,Calm,1019.9,0
2026-06-05T02:00,Guimarães,9,88,0,,,Calm,1019.9,0
2026-06-05T03:00,Guimarães,8.7,89,0,,,Calm,1019.7,0
2026-06-05T04:00,Guimarães,8.1,90,0,,,Calm,1019.7,0
2026-06-05T05:00,Guimarães,7.6,91,0,,,Calm,1019.7,0.7
2026-06-05T06:00,Guimarães,7.5,91,0,,,Calm,1019.8,103.3
2026-06-05T07:00,Guimarães,10.6,86,0,,,Calm,1019.7,623.7
2026-06-05T08:00,Guimarães,14,71,0,,,Calm,1019.1,1362.9
2026-06-05T09:00,Guimarães,15.9,60,0,,,Calm,1018.7,1994.1
2026-06-05T10:00,Guimarães,18,48,0,,,Calm,1018.2,2569.6
2026-06-05T11:00,Guimarães,18.7,47,0,,,Calm,1017.6,
2026-06-05T12:00,Guimarães,19.6,43,0,,,Calm,1017.7,2185.3
2026-06-05T13:00,Guimarães,20.4,43,0,,,Calm,1017.5,
2026-06-05T14:00,Guimarães,20.1,46,0,,,Calm,1017.5,
2026-06-05T15:00,Guimarães,20.7,43,0,,,Calm,1017.3,3114.8
2026-06-05T16:00,Guimarães,21,37,0,,,Calm,1017.2,2201.7
2026-06-05T17:00,Guimarães,20.7,37,0,,,Calm,1016.9,1945.1
2026-06-05T18:00,Guimarães,20,37,0,,,Calm,1017.2,1376.6
2026-06-05T19:00,Guimarães,17.6,46,0,,,Calm,1017.9,511.6
2026-06-05T20:00,Guimarães,15.7,59,0,,,Calm,1018.4,73.7
2026-06-05T21:00,Guimarães,15,68,0,,,Calm,1018.9,1.2
2026-06-05T22:00,Guimarães,14.4,74,0,,,Calm,1019.2,0
2026-06-05T23:00,Guimarães,14.7,74,0,,,Calm,1019.2,0
2026-06-06T00:00,Guimarães,14.2,80,0,,,Calm,1019.4,0
2026-06-06T01:00,Guimarães,13.6,85,0.1,,,Calm,1019.6,0
2026-06-06T02:00,Guimarães,13.6,85,0.2,,,Calm,1019.5,0
2026-06-06T03:00,Guimarães,13.2,88,0.2,,,Calm,1019.7,0
2026-06-06T04:00,Guimarães,13.3,90,0,,,Calm,1019.6,0
2026-06-06T05:00,Guimarães,13.4,91,0.3,,,Calm,1019.7,0.4
2026-06-06T06:00,Guimarães,13.2,92,0.2,,,Calm,1020,38.5
2026-06-06T07:00,Guimarães,13.5,94,0.1,,,Calm,1020.4,191.5
2026-06-06T08:00,Guimarães,14.2,98,0,,,Calm,1020.8,454.2
2026-06-06T09:00,Guimarães,15.6,94,0,,,Calm,1021,1143.1
2026-06-06T10:00,Guimarães,17.4,80,0,,,Calm,1021.2,1373.7
2026-06-06T11:00,Guimarães,18.8,73,0,,,Calm,1021.4,
2026-06-06T12:00,Guimarães,20.7,67,0,,,Calm,1021.1,
2026-06-06T13:00,Guimarães,22.2,58,0,,,Calm,1020.6,
2026-06-06T14:00,Guimarães,23.5,55,0,,,Calm,1020.1,
2026-06-06T15:00,Guimarães,24.2,51,0,,,Calm,1019.4,3111.6
2026-06-06T16:00,Guimarães,25.5,48,0,,,Calm,1018.8,2721.7
2026-06-06T17:00,Guimarães,24.4,52,0,,,Calm,1018.7,1396.8
2026-06-06T18:00,Guimarães,23.1,58,0,,,Calm,1018.9,946.4
2026-06-06T19:00,Guimarães,21.5,61,0,,,Calm,1019.3,648.2
2026-06-06T20:00,Guimarães,19.9,66,0,,,Calm,1019.7,238.3
2026-06-06T21:00,Guimarães,17.3,77,0,,,Calm,1020,3.3
2026-06-06T22:00,Guimarães,15.9,81,0,,,Calm,1020.2,0
2026-06-06T23:00,Guimarães,15.1,84,0,,,Calm,1020.5,0
2026-06-07T00:00,Guimarães,14.5,86,0,,,Calm,1020.5,0
2026-06-07T01:00,Guimarães,13.7,88,0,,,Calm,1020.4,0
2026-06-07T02:00,Guimarães,13.2,89,0,,,Calm,1020.4,0
2026-06-07T03:00,Guimarães,12.7,90,0,,,Calm,1020.5,0
2026-06-07T04:00,Guimarães,12.2,92,0,,,Calm,1020.3,0
2026-06-07T05:00,Guimarães,11.7,93,0,,,Calm,1020.5,1.3
2026-06-07T06:00,Guimarães,11.6,94,0,,,Calm,1021,91
2026-06-07T07:00,Guimarães,13.5,98,0,,,Calm,1021.2,506.8
2026-06-07T08:00,Guimarães,17.8,77,0,,,Calm,1021,1519.4
2026-06-07T09:00,Guimarães,19.9,68,0,,,Calm,1021,1916.2
2026-06-07T10:00,Guimarães,22.4,61,0,,,Calm,1020.7,2609.2
2026-06-07T11:00,Guimarães,24.3,54,0,,,Calm,1020.5,3118
2026-06-07T12:00,Guimarães,25.4,46,0,,,Calm,1020.4,3412.3
2026-06-07T13:00,Guimarães,26.6,42,0,,,Calm,1020.1,3514.6
2026-06-07T14:00,Guimarães,27.3,42,0,,,Calm,1019.8,3390.7
2026-06-07T15:00,Guimarães,27.1,43,0,,,Calm,1019.7,3146.8
2026-06-07T16:00,Guimarães,27,40,0,,,Calm,1019.6,2724.8
2026-06-07T17:00,Guimarães,26.7,34,0,,,Calm,1019.7,2100.2
2026-06-07T18:00,Guimarães,24.9,41,0,,,Calm,1019.9,1435.2
2026-06-07T19:00,Guimarães,22.4,48,0,,,Calm,1020.5,746.3
2026-06-07T20:00,Guimarães,19.7,58,0,,,Calm,1021.1,176.1
2026-06-07T21:00,Guimarães,16.6,70,0,,,Calm,1022,1.4
2026-06-07T22:00,Guimarães,14.7,80,0,,,Calm,1022.7,0
2026-06-07T23:00,Guimarães,13.5,84,0,,,Calm,1023,0
2026-06-08T00:00,Guimarães,12.8,86,0,,,Calm,1023.2,0
2026-06-08T01:00,Guimarães,12.2,87,0,,,Calm,1023.3,0
2026-06-08T02:00,Guimarães,11.6,88,0,,,Calm,1023.1,0
2026-06-08T03:00,Guimarães,11,88,0,,,Calm,1023,0
2026-06-08T04:00,Guimarães,10.6,89,0,,,Calm,1023.1,0
2026-06-08T05:00,Guimarães,10.3,90,0,,,Calm,1023.3,1
2026-06-08T06:00,Guimarães,10.4,90,0,,,Calm,1023.6,95.4
2026-06-08T07:00,Guimarães,13.1,84,0,,,Calm,1023.6,672.3
2026-06-08T08:00,Guimarães,16,74,0,,,Calm,1023.6,1326.7
2026-06-08T09:00,Guimarães,18,66,0,,,Calm,1023.9,2007.2
2026-06-08T10:00,Guimarães,19.8,61,0,,,Calm,1023.8,2613.6
2026-06-08T11:00,Guimarães,21.6,49,0,,,Calm,1023.4,3100.9
2026-06-08T12:00,Guimarães,23,47,0,,,Calm,1023.1,3380.3
2026-06-08T13:00,Guimarães,24.4,47,0,,,Calm,1022.6,3441.7
2026-06-08T14:00,Guimarães,24.5,52,0,,,Calm,1022.1,
2026-06-08T15:00,Guimarães,24.3,52,0,,,Calm,1021.8,
2026-06-08T16:00,Guimarães,24.3,56,0,,,Calm,1021.5,2054.6
2026-06-08T17:00,Guimarães,23.8,60,0,,,Calm,1021.3,1511.5
2026-06-08T18:00,Guimarães,22.6,64,0,,,Calm,1021.2,853.2
2026-06-08T19:00,Guimarães,21.9,68,0,,,Calm,1021.3,917
2026-06-08T20:00,Guimarães,20,75,0,,,Calm,1021.5,141.3
2026-06-08T21:00,Guimarães,17.7,84,0,,,Calm,1021.8,2.1
2026-06-08T22:00,Guimarães,16,87,0,,,Calm,1022.5,0
2026-06-08T23:00,Guimarães,15.2,89,0,,,Calm,1022.6,0
2026-06-09T00:00,Guimarães,14.5,90,0,,,Calm,1022.4,0
2026-06-09T01:00,Guimarães,14.2,92,0,,,Calm,1022.1,0
2026-06-09T02:00,Guimarães,14,94,0,,,Calm,1021.6,0
2026-06-09T03:00,Guimarães,14.7,98,0,,,Calm,1021.4,0
2026-06-09T04:00,Guimarães,14.9,98,0,,,Calm,1021.4,0
2026-06-09T05:00,Guimarães,14.8,95,0,,,Calm,1021.4,0.6
2026-06-09T06:00,Guimarães,14.3,91,0,,,Calm,1021.7,38.3
2026-06-09T07:00,Guimarães,14.5,89,0,,,Calm,1022,338
2026-06-09T08:00,Guimarães,16.4,81,0,,,Calm,1022,1444.6
2026-06-09T09:00,Guimarães,18.5,71,0,,,Calm,1021.9,2052.8
2026-06-09T10:00,Guimarães,20.8,60,0,,,Calm,1021.4,2677.4
2026-06-09T11:00,Guimarães,22.6,54,0,,,Calm,1021,3118.9
2026-06-09T12:00,Guimarães,23.8,49,0,,,Calm,1020.4,3403.2
2026-06-09T13:00,Guimarães,24.9,43,0,,,Calm,1019.9,3510
2026-06-09T14:00,Guimarães,26.1,34,0,,,Calm,1019.4,3421.8
2026-06-09T15:00,Guimarães,26.6,31,0,,,Calm,1018.9,3182.1
2026-06-09T16:00,Guimarães,26.5,35,0,,,Calm,1018.7,2735.3
2026-06-09T17:00,Guimarães,25.4,43,0,,,Calm,1018.7,2114.8
2026-06-09T18:00,Guimarães,24.4,45,0,,,Calm,1018.7,1443.5
2026-06-09T19:00,Guimarães,23,47,0,,,Calm,1019,749.7
2026-06-09T20:00,Guimarães,21.2,46,0,,,Calm,1019.7,175.4
2026-06-09T21:00,Guimarães,19.3,50,0,,,Calm,1020.2,2.1
2026-06-09T22:00,Guimarães,17.9,51,0,,,Calm,1021.1,0
2026-06-09T23:00,Guimarães,15.1,62,0,,,Calm,1021.4,0
2026-06-10T00:00,Guimarães,14.2,66,0,,,Calm,1021.5,0
2026-06-10T01:00,Guimarães,13.7,69,0,,,Calm,1021.5,0
2026-06-10T02:00,Guimarães,12.7,74,0,,,Calm,1021.4,0
2026-06-10T03:00,Guimarães,11.7,79,0,,,Calm,1021.4,0
2026-06-10T04:00,Guimarães,10.9,80,0,,,Calm,1021.6,0
2026-06-10T05:00,Guimarães,10.1,82,0,,,Calm,1021.4,
2026-06-10T06:00,Guimarães,10.1,82,0,,,Calm,1021.6,89.9
2026-06-10T07:00,Guimarães,14.3,71,0,,,Calm,1021.6,710.2
2026-06-10T08:00,Guimarães,17.7,50,0,,,Calm,1021.7,
2026-06-10T09:00,Guimarães,19.9,42,0,,,Calm,1021.4,2027.4
2026-06-10T10:00,Guimarães,21.9,36,0,,,Calm,1021.1,2598.4
2026-06-10T11:00,Guimarães,23.8,28,0,,,Calm,1020.7,3149.3
2026-06-10T12:00,Guimarães,25.8,30,0,,,Calm,1020.4,3433.6
2026-06-10T13:00,Guimarães,26.8,30,0,,,Calm,1019.8,3536.1
2026-06-10T14:00,Guimarães,28,31,0,,,Calm,1019.2,3411.8
2026-06-10T15:00,Guimarães,28.5,30,0,,,Calm,1018.8,3167.4
2026-06-10T16:00,Guimarães,29.6,30,0,,,Calm,1018.2,2724.8
2026-06-10T17:00,Guimarães,29.4,28,0,,,Calm,1018,2109.8
2026-06-10T18:00,Guimarães,28.7,30,0,,,Calm,1017.9,1449.8
2026-06-10T19:00,Guimarães,27.4,33,0,,,Calm,1018.2,751.7
2026-06-10T20:00,Guimarães,25.4,36,0,,,Calm,1018.8,189.3
2026-06-10T21:00,Guimarães,23.1,38,0,,,Calm,1019.5,1.3
2026-06-10T22:00,Guimarães,20,49,0,,,Calm,1020.2,0
2026-06-10T23:00,Guimarães,18.1,57,0,,,Calm,1020.5,0
2026-06-11T00:00,Guimarães,16.7,62,0,,,Calm,1020.5,0
2026-06-11T01:00,Guimarães,15.9,64,0,,,Calm,1020.3,0
2026-06-11T02:00,Guimarães,15.3,65,0,,,Calm,1020.1,0
2026-06-11T03:00,Guimarães,14.7,68,0,,,Calm,1020.2,0
2026-06-11T04:00,Guimarães,15.1,68,0,,,Calm,1020.1,0
2026-06-11T05:00,Guimarães,14.7,69,0,,,Calm,1020.4,1.1
2026-06-11T06:00,Guimarães,15,70,0,,,Calm,1020.9,96.1
2026-06-11T07:00,Guimarães,19.8,54,0,,,Calm,1021.2,653.7
2026-06-11T08:00,Guimarães,23.2,43,0,,,Calm,1021.3,1365
2026-06-11T09:00,Guimarães,24.7,40,0,,,Calm,1021.4,2059.6
2026-06-11T10:00,Guimarães,26.3,39,0,,,Calm,1021.3,2648.1
2026-06-11T11:00,Guimarães,27.4,37,0,,,Calm,1021.2,3134.2
2026-06-11T12:00,Guimarães,28.8,35,0,,,Calm,1021,3383.7
2026-06-11T13:00,Guimarães,30.1,33,0,,,Calm,1020.5,3521.7
2026-06-11T14:00,Guimarães,31.3,29,0,,,Calm,1020.1,3418.8
2026-06-11T15:00,Guimarães,32.3,27,0,,,Calm,1019.4,3174.2
2026-06-11T16:00,Guimarães,33.1,23,0,,,Calm,1018.9,2722.9
2026-06-11T17:00,Guimarães,33.4,23,0,,,Calm,1018.6,2015.4
2026-06-11T18:00,Guimarães,33.1,20,0,,,Calm,1018.4,1455.3
2026-06-11T19:00,Guimarães,32.7,21,0,,,Calm,1018.6,764.6
2026-06-11T20:00,Guimarães,29.4,30,0,,,Calm,1019.1,191.8
2026-06-11T21:00,Guimarães,24.3,43,0,,,Calm,1019.8,2.5
2026-06-11T22:00,Guimarães,23.8,44,0,,,Calm,1020.4,0
2026-06-11T23:00,Guimarães,21.8,49,0,,,Calm,1020.6,0
2026-06-12T00:00,Guimarães,19.8,54,0,,,Calm,1020.5,0
2026-06-12T01:00,Guimarães,20.3,50,0,,,Calm,1020.3,0
2026-06-12T02:00,Guimarães,25.6,30,0,,,Calm,1019.8,0
2026-06-12T03:00,Guimarães,21.8,42,0,,,Calm,1020.2,0
2026-06-12T04:00,Guimarães,21.3,43,0,,,Calm,1020.4,0
2026-06-12T05:00,Guimarães,20.7,42.0,0.0,,,Calm,1020.7,1.4
2026-06-12T06:00,Guimarães,21.1,39.0,0.0,,,Calm,1020.7,96.5
2026-06-12T07:00,Guimarães,24.4,30.0,0.0,,,Calm,1020.6,716.1
2026-06-12T08:00,Guimarães,26.4,26.0,0.0,,,Calm,1020.7,1312.9
2026-06-12T09:00,Guimarães,27.8,25.0,0.0,,,Calm,1020.6,1922.5
2026-06-12T10:00,Guimarães,29.5,26.0,0.0,,,Calm,1020.2,2419.1
2026-06-12T11:00,Guimarães,31.4,24.0,0.0,,,Calm,1020.1,3034.7
2026-06-12T12:00,Guimarães,32.8,23.0,0.0,,,Calm,1019.8,3326.0
2026-06-12T13:00,Guimarães,34.4,22.0,0.0,,,Calm,1019.2,3317.3
2026-06-12T14:00,Guimarães,35.6,22.0,0.0,,,Calm,1018.6,3342.6
2026-06-12T15:00,Guimarães,36.1,20.0,0.0,,,Calm,1018.1,
2026-06-12T16:00,Guimarães,36.7,21.0,0.0,,,Calm,1017.6,
2026-06-12T17:00,Guimarães,NO DATA,,,,,,,
2026-06-12T18:00,Guimarães,NO DATA,,,,,,,
2026-06-12T19:00,Guimarães,NO DATA,,,,,,,
2026-06-12T20:00,Guimarães,NO DATA,,,,,,,
2026-06-12T21:00,Guimarães,NO DATA,,,,,,,
2026-06-12T22:00,Guimarães,NO DATA,,,,,,,
2026-06-12T23:00,Guimarães,NO DATA,,,,,,,
2026-06-13T00:00,Guimarães,NO DATA,,,,,,,
2026-06-13T01:00,Guimarães,NO DATA,,,,,,,
2026-06-13T02:00,Guimarães,NO DATA,,,,,,,
2026-06-13T03:00,Guimarães,NO DATA,,,,,,,
2026-06-13T04:00,Guimarães,NO DATA,,,,,,,
2026-06-13T08:00,Guimarães,26.9,44.0,0.0,,,Calm,1017.5,
2026-06-13T09:00,Guimarães,27.3,45.0,0.0,,,Calm,1017.7,
2026-06-13T10:00,Guimarães,31.5,33.0,0.0,,,Calm,1017.5,
2026-06-13T11:00,Guimarães,31.6,35.0,0.0,,,Calm,1017.5,2243.4
2026-06-13T12:00,Guimarães,31.3,38.0,0.0,,,Calm,1017.5,
2026-06-13T13:00,Guimarães,32.4,35.0,0.0,,,Calm,1017.2,2275.4
2026-06-13T14:00,Guimarães,33.3,34.0,0.0,,,Calm,1016.7,2512.8
2026-06-13T15:00,Guimarães,31.7,38.0,0.0,,,Calm,1016.4,1287.7
2026-06-13T16:00,Guimarães,32.3,38.0,0.0,,,Calm,1016.4,2459.7
2026-06-13T17:00,Guimarães,31.8,34.0,0.0,,,Calm,1016.1,1894.6
2026-06-13T18:00,Guimarães,30.6,33.0,0.0,,,Calm,1015.8,1393.8
2026-06-13T19:00,Guimarães,29.3,34.0,0.0,,,Calm,1015.8,688.2
2026-06-13T20:00,Guimarães,26.0,41.0,0.0,,,Calm,1016.3,175.2
2026-06-13T21:00,Guimarães,22.9,46.0,0.0,,,Calm,1016.8,2.3
2026-06-13T22:00,Guimarães,21.9,52.0,0.0,,,Calm,1017.1,0.0
2026-06-13T23:00,Guimarães,21.0,57.0,0.0,,,Calm,1016.7,0.0
2026-06-13T05:00,Guimarães,NO DATA,,,,,,,
2026-06-13T06:00,Guimarães,NO DATA,,,,,,,
2026-06-13T07:00,Guimarães,NO DATA,,,,,,,
2026-06-14T00:00,Guimarães,20.2,60.0,0.0,,,Calm,1016.4,0.0
2026-06-14T01:00,Guimarães,20.3,64.0,0.0,,,Calm,1015.8,0.0
2026-06-14T02:00,Guimarães,20.2,66.0,0.0,,,Calm,1015.4,0.0
2026-06-14T03:00,Guimarães,20.1,70.0,0.0,,,Calm,1015.4,0.0
2026-06-14T04:00,Guimarães,18.9,84.0,0.2,,,Calm,1015.4,0.0
2026-06-14T05:00,Guimarães,18.3,88.0,0.0,,,Calm,1015.4,0.0
2026-06-14T06:00,Guimarães,18.2,88.0,0.0,,,Calm,1016.1,8.1
2026-06-14T07:00,Guimarães,18.2,89.0,0.0,,,Calm,1016.3,34.3
2026-06-14T08:00,Guimarães,18.6,89.0,0.0,,,Calm,1017.0,140.2
2026-06-14T09:00,Guimarães,20.9,78.0,0.0,,,Calm,1017.2,698.4
2026-06-14T10:00,Guimarães,23.4,63.0,0.0,,,Calm,1016.4,1219.6
2026-06-14T11:00,Guimarães,25.6,56.0,0.0,,,Calm,1015.7,1526.0
2026-06-14T12:00,Guimarães,26.7,52.0,0.0,,,Calm,1015.1,1423.3
2026-06-14T13:00,Guimarães,24.1,68.0,0.0,,,Calm,1015.1,1352.7
2026-06-14T14:00,Guimarães,26.2,60.0,0.0,,,Calm,1015.0,2917.5
2026-06-14T15:00,Guimarães,28.5,50.0,0.0,,,Calm,1014.4,2896.3
2026-06-14T16:00,Guimarães,29.7,42.0,0.0,,,Calm,1014.3,2646.5
2026-06-14T17:00,Guimarães,26.2,59.0,0.0,,,Calm,1014.6,1654.3
2026-06-14T18:00,Guimarães,24.1,61.0,0.0,,,Calm,1015.3,1394.3
2026-06-14T19:00,Guimarães,23.1,65.0,0.0,,,Calm,1015.7,934.0
2026-06-14T20:00,Guimarães,20.8,76.0,0.0,,,Calm,1016.0,254.5
2026-06-14T21:00,Guimarães,19.1,82.0,0.0,,,Calm,1016.6,6.6
2026-06-14T22:00,Guimarães,18.2,85.0,0.0,,,Calm,1017.1,0.0
2026-06-14T23:00,Guimarães,17.6,86.0,0.0,,,Calm,1016.8,0.0
2026-06-15T00:00,Guimarães,16.8,88.0,0.0,,,Calm,1016.7,0.0
2026-06-15T01:00,Guimarães,16.5,90.0,0.0,,,Calm,1016.9,0.0
2026-06-15T02:00,Guimarães,16.5,92.0,0.0,,,Calm,1016.7,0.0
2026-06-15T03:00,Guimarães,16.5,95.0,0.0,,,Calm,1016.4,0.0
2026-06-15T04:00,Guimarães,16.3,99.0,0.0,,,Calm,1016.4,0.0
2026-06-15T05:00,Guimarães,16.1,,0.0,,,Calm,1016.6,0.0
2026-06-15T06:00,Guimarães,16.2,,0.0,,,Calm,1016.6,34.7
2026-06-15T07:00,Guimarães,16.3,,0.0,,,Calm,1016.7,94.6
2026-06-15T08:00,Guimarães,16.5,,0.0,,,Calm,1017.0,209.1
2026-06-15T09:00,Guimarães,16.7,,0.0,,,Calm,1017.3,379.1
2026-06-15T10:00,Guimarães,17.6,88.0,0.0,,,Calm,1017.6,609.9
2026-06-15T11:00,Guimarães,18.8,82.0,0.0,,,Calm,1017.8,868.8
2026-06-15T12:00,Guimarães,19.3,81.0,0.0,,,Calm,1017.8,989.3
2026-06-15T13:00,Guimarães,20.7,76.0,0.0,,,Calm,1017.6,
2026-06-15T14:00,Guimarães,22.9,68.0,0.0,,,Calm,1016.9,
2026-06-15T15:00,Guimarães,23.7,67.0,0.0,,,Calm,1016.4,
2026-06-15T16:00,Guimarães,23.5,67.0,0.0,,,Calm,1016.2,2589.6
2026-06-15T17:00,Guimarães,22.5,69.0,0.0,,,Calm,1016.0,1959.5
2026-06-15T18:00,Guimarães,21.7,70.0,0.0,,,Calm,1016.0,1280.1
2026-06-15T19:00,Guimarães,20.6,73.0,0.0,,,Calm,1016.2,642.8
2026-06-15T20:00,Guimarães,19.3,76.0,0.0,,,Calm,1016.8,181.4
2026-06-15T21:00,Guimarães,17.3,82.0,0.0,,,Calm,1017.3,3.6
2026-06-15T22:00,Guimarães,16.2,85.0,0.0,,,Calm,1017.7,0.0
2026-06-15T23:00,Guimarães,15.2,88.0,0.0,,,Calm,1018.2,0.0
2026-06-16T00:00,Guimarães,14.6,89.0,0.0,,,Calm,1018.1,0.0
2026-06-16T01:00,Guimarães,14.3,90.0,0.0,,,Calm,1017.8,0.0
2026-06-16T02:00,Guimarães,14.1,91.0,0.0,,,Calm,1017.5,0.0
2026-06-16T03:00,Guimarães,13.8,93.0,0.0,,,Calm,1017.4,0.0
2026-06-16T04:00,Guimarães,13.7,95.0,0.0,,,Calm,1017.2,0.0
2026-06-16T05:00,Guimarães,13.4,97.0,0.0,,,Calm,1017.1,1.1
2026-06-16T06:00,Guimarães,13.6,99.0,0.0,,,Calm,1017.5,81.8
2026-06-16T07:00,Guimarães,15.1,,0.0,,,Calm,1018.0,562.3
2026-06-16T08:00,Guimarães,17.0,89.0,0.0,,,Calm,1018.1,1176.5
2026-06-16T09:00,Guimarães,19.2,78.0,0.0,,,Calm,1018.0,1941.5
2026-06-16T10:00,Guimarães,21.6,72.0,0.0,,,Calm,1017.8,2498.1
2026-06-16T11:00,Guimarães,23.7,66.0,0.0,,,Calm,1017.8,2966.5
2026-06-16T12:00,Guimarães,25.4,62.0,0.0,,,Calm,1017.6,3275.1
2026-06-16T13:00,Guimarães,26.7,59.0,0.0,,,Calm,1017.3,3383.5
2026-06-16T14:00,Guimarães,27.7,56.0,0.0,,,Calm,1016.9,3301.2
2026-06-16T15:00,Guimarães,27.5,54.0,0.0,,,Calm,1016.7,3047.2
2026-06-16T16:00,Guimarães,27.7,52.0,0.0,,,Calm,1016.4,2632.0
2026-06-16T17:00,Guimarães,27.1,53.0,0.0,,,Calm,1016.3,2029.6
2026-06-16T18:00,Guimarães,26.2,56.0,0.0,,,Calm,1016.1,1398.9
2026-06-16T19:00,Guimarães,24.8,59.0,0.0,,,Calm,1016.5,715.0
2026-06-16T20:00,Guimarães,22.6,66.0,0.0,,,Calm,1016.9,185.4
2026-06-16T21:00,Guimarães,19.7,76.0,0.0,,,Calm,1017.5,3.0
2026-06-16T22:00,Guimarães,18.2,80.0,0.0,,,Calm,1018.2,0.0
2026-06-16T23:00,Guimarães,17.1,84.0,0.0,,,Calm,1018.6,0.0
2026-06-17T00:00,Guimarães,16.3,86.0,0.0,,,Calm,1018.8,0.0
2026-06-17T01:00,Guimarães,15.8,87.0,0.0,,,Calm,1018.4,0.0
2026-06-17T02:00,Guimarães,15.6,87.0,0.0,,,Calm,1018.1,0.0
2026-06-17T03:00,Guimarães,15.4,88.0,0.0,,,Calm,1018.0,0.0
2026-06-17T04:00,Guimarães,15.3,89.0,0.0,,,Calm,1018.2,0.0
2026-06-17T05:00,Guimarães,14.9,91.0,0.0,,,Calm,1018.3,0.9
2026-06-17T06:00,Guimarães,15.1,92.0,0.0,,,Calm,1018.5,101.3
2026-06-17T07:00,Guimarães,17.5,86.0,0.0,,,Calm,1018.5,625.7
2026-06-17T08:00,Guimarães,20.4,76.0,0.0,,,Calm,1018.3,1184.7
2026-06-17T09:00,Guimarães,23.0,69.0,0.0,,,Calm,1018.0,1836.8
2026-06-17T10:00,Guimarães,25.3,63.0,0.0,,,Calm,1017.6,2422.2
2026-06-17T11:00,Guimarães,27.6,57.0,0.0,,,Calm,1017.3,2886.6
2026-06-17T12:00,Guimarães,29.3,53.0,0.0,,,Calm,1016.9,3180.6
2026-06-17T13:00,Guimarães,30.5,50.0,0.0,,,Calm,1016.5,3298.6
2026-06-17T14:00,Guimarães,30.6,50.0,0.0,,,Calm,1016.1,3228.9
2026-06-17T15:00,Guimarães,30.7,48.0,0.0,,,Calm,1015.8,3018.6
2026-06-17T16:00,Guimarães,30.6,46.0,0.0,,,Calm,1015.8,2692.8
2026-06-17T17:00,Guimarães,29.6,45.0,0.0,,,Calm,1015.6,2168.3
2026-06-17T18:00,Guimarães,28.1,45.0,0.0,,,Calm,1016.1,1407.2
2026-06-17T19:00,Guimarães,26.2,48.0,0.0,,,Calm,1016.5,711.6
2026-06-17T20:00,Guimarães,23.7,56.0,0.0,,,Calm,1016.7,208.5
2026-06-17T21:00,Guimarães,21.1,64.0,0.0,,,Calm,1017.3,10.1
2026-06-17T22:00,Guimarães,19.0,72.0,0.0,,,Calm,1017.8,0.0
2026-06-17T23:00,Guimarães,17.8,78.0,0.0,,,Calm,1018.2,0.0
2026-06-18T00:00,Guimarães,16.3,84.0,0.0,,,Calm,1018.3,0.0
2026-06-18T01:00,Guimarães,15.3,87.0,0.0,,,Calm,1017.8,0.0
2026-06-18T02:00,Guimarães,14.9,89.0,0.0,,,Calm,1017.6,0.0
2026-06-18T03:00,Guimarães,14.5,89.0,0.0,,,Calm,1017.4,0.0
2026-06-18T04:00,Guimarães,14.0,91.0,0.0,,,Calm,1017.0,0.0
2026-06-18T05:00,Guimarães,14.0,92.0,0.0,,,Calm,1017.1,1.2
2026-06-18T06:00,Guimarães,14.2,95.0,0.0,,,Calm,1017.4,89.1
2026-06-18T07:00,Guimarães,14.9,100.0,0.0,,,Calm,1017.6,299.9
2026-06-18T08:00,Guimarães,16.3,,0.0,,,Calm,1017.5,1021.9
2026-06-18T09:00,Guimarães,20.3,75.0,0.0,,,Calm,1017.1,2039.0
2026-06-18T10:00,Guimarães,23.5,65.0,0.0,,,Calm,1016.6,2543.5
2026-06-18T11:00,Guimarães,25.2,58.0,0.0,,,Calm,1016.3,3122.8
2026-06-18T12:00,Guimarães,26.3,55.0,0.0,,,Calm,1016.0,3309.1
2026-06-18T13:00,Guimarães,27.1,52.0,0.0,,,Calm,1015.7,3408.7
2026-06-18T14:00,Guimarães,27.1,54.0,0.0,,,Calm,1015.3,3116.6
2026-06-18T15:00,Guimarães,27.0,53.0,0.0,,,Calm,1014.9,2940.1
2026-06-18T16:00,Guimarães,27.4,52.0,0.0,,,Calm,1014.5,2764.7
2026-06-18T17:00,Guimarães,26.8,52.0,0.0,,,Calm,1014.3,2124.3
2026-06-18T18:00,Guimarães,25.6,52.0,0.0,,,Calm,1014.2,1479.2
2026-06-18T19:00,Guimarães,23.5,57.0,0.0,,,Calm,1014.6,772.0
2026-06-18T20:00,Guimarães,21.2,65.0,0.0,,,Calm,1015.1,210.4
2026-06-18T21:00,Guimarães,18.5,78.0,0.0,,,Calm,1015.8,3.0
2026-06-18T22:00,Guimarães,16.6,85.0,0.0,,,Calm,1016.4,0.0
2026-06-18T23:00,Guimarães,15.1,88.0,0.0,,,Calm,1016.5,0.0
2026-06-19T00:00,Guimarães,14.6,90.0,0.0,,,Calm,1016.2,0.0
2026-06-19T01:00,Guimarães,14.3,91.0,0.0,,,Calm,1015.7,0.0
2026-06-19T02:00,Guimarães,14.0,92.0,0.0,,,Calm,1015.7,0.0
2026-06-19T03:00,Guimarães,13.7,94.0,0.0,,,Calm,1015.5,0.0
2026-06-19T04:00,Guimarães,13.8,97.0,0.0,,,Calm,1015.2,0.0
2026-06-19T05:00,Guimarães,14.5,100.0,0.0,,,Calm,1015.3,0.4
2026-06-19T06:00,Guimarães,14.5,,0.0,,,Calm,1015.8,35.9
2026-06-19T07:00,Guimarães,14.7,,0.0,,,Calm,1016.0,154.3
2026-06-19T08:00,Guimarães,15.1,,0.0,,,Calm,1016.1,479.1
2026-06-19T09:00,Guimarães,17.2,,0.0,,,Calm,1016.0,1826.7
2026-06-19T10:00,Guimarães,20.7,72.0,0.0,,,Calm,1015.7,2676.7
2026-06-19T11:00,Guimarães,23.4,65.0,0.0,,,Calm,1015.5,3056.6
2026-06-19T12:00,Guimarães,25.1,59.0,0.0,,,Calm,1015.3,3361.4
2026-06-19T13:00,Guimarães,26.3,54.0,0.0,,,Calm,1015.0,3467.8
2026-06-19T14:00,Guimarães,27.0,52.0,0.0,,,Calm,1014.7,3387.4
2026-06-19T15:00,Guimarães,27.1,52.0,0.0,,,Calm,1014.7,3125.3
2026-06-19T16:00,Guimarães,27.0,48.0,0.0,,,Calm,1014.5,2763.2
2026-06-19T17:00,Guimarães,26.7,48.0,0.0,,,Calm,1014.4,2125.5
2026-06-19T18:00,Guimarães,25.9,48.0,0.0,,,Calm,1014.3,1487.4
2026-06-19T19:00,Guimarães,23.9,56.0,0.0,,,Calm,1014.7,721.3
2026-06-19T20:00,Guimarães,21.8,67.0,0.0,,,Calm,1015.4,160.1
2026-06-19T21:00,Guimarães,19.2,79.0,0.0,,,Calm,1016.3,2.3
2026-06-19T22:00,Guimarães,17.9,84.0,0.0,,,Calm,1017.0,0.0
2026-06-19T23:00,Guimarães,17.0,87.0,0.0,,,Calm,1017.2,0.0
2026-06-20T00:00,Guimarães,16.4,88.0,,,,Calm,1016.9,0.0
2026-06-20T01:00,Guimarães,15.9,90.0,,,,Calm,1016.7,0.0
2026-06-20T02:00,Guimarães,15.6,92.0,,,,Calm,1016.4,0.0
2026-06-20T03:00,Guimarães,NO DATA,,,,,,,
2026-06-20T04:00,Guimarães,14.6,95.0,0.0,,,Calm,1016.2,0.0
2026-06-20T05:00,Guimarães,14.4,97.0,0.0,,,Calm,1016.5,0.7
2026-06-20T06:00,Guimarães,14.3,99.0,0.0,,,Calm,1016.8,91.4
2026-06-20T07:00,Guimarães,16.4,,0.0,,,Calm,1017.0,662.6
2026-06-20T08:00,Guimarães,18.9,83.0,0.0,,,Calm,1017.0,1327.6
2026-06-20T09:00,Guimarães,22.4,69.0,0.0,,,Calm,1017.0,1885.6
2026-06-20T10:00,Guimarães,24.9,60.0,0.0,,,Calm,1016.5,2211.5
2026-06-20T11:00,Guimarães,27.5,51.0,0.0,,,Calm,1016.0,3038.1
2026-06-20T12:00,Guimarães,29.7,43.0,0.0,,,Calm,1015.5,3378.6
2026-06-20T13:00,Guimarães,31.0,35.0,0.0,,,Calm,1015.0,3420.7
2026-06-20T14:00,Guimarães,32.3,35.0,0.0,,,Calm,1014.6,3323.7
2026-06-20T15:00,Guimarães,31.7,44.0,0.0,,,Calm,1014.5,3041.9
2026-06-20T16:00,Guimarães,31.1,44.0,0.0,,,Calm,1014.5,2606.6
2026-06-20T17:00,Guimarães,30.5,43.0,0.0,,,Calm,1014.4,1953.4
2026-06-20T18:00,Guimarães,29.5,46.0,0.0,,,Calm,1014.5,1315.1
2026-06-20T19:00,Guimarães,28.2,50.0,0.0,,,Calm,1014.7,638.9
2026-06-20T20:00,Guimarães,25.4,59.0,0.0,,,Calm,1015.1,162.0
2026-06-20T21:00,Guimarães,22.2,68.0,0.0,,,Calm,1016.0,1.6
2026-06-20T22:00,Guimarães,20.8,74.0,0.0,,,Calm,1016.7,0.0
2026-06-20T23:00,Guimarães,20.4,77.0,0.0,,,Calm,1017.1,0.0
2026-06-21T00:00,Guimarães,19.8,78.0,0.0,,,Calm,1016.9,0.0
2026-06-21T01:00,Guimarães,19.3,79.0,0.0,,,Calm,1016.5,0.0
2026-06-21T02:00,Guimarães,19.1,81.0,0.0,,,Calm,1016.2,0.0
2026-06-21T03:00,Guimarães,18.9,81.0,0.0,,,Calm,1016.3,0.0
2026-06-21T04:00,Guimarães,18.4,83.0,0.0,,,Calm,1016.6,0.0
2026-06-21T05:00,Guimarães,17.9,85.0,0.0,,,Calm,1016.6,0.4
2026-06-21T06:00,Guimarães,18.0,86.0,0.0,,,Calm,1016.9,93.4
2026-06-21T07:00,Guimarães,20.6,79.0,0.0,,,Calm,1017.1,539.4
2026-06-21T08:00,Guimarães,23.7,69.0,0.0,,,Calm,1017.0,1171.1
2026-06-21T09:00,Guimarães,26.8,59.0,0.0,,,Calm,1016.9,1873.0
2026-06-21T10:00,Guimarães,28.8,55.0,0.0,,,Calm,1016.8,2396.1
2026-06-21T11:00,Guimarães,30.2,52.0,0.0,,,Calm,1016.6,2955.5
2026-06-21T12:00,Guimarães,31.2,49.0,0.0,,,Calm,1016.5,
2026-06-21T13:00,Guimarães,32.0,48.0,0.0,,,Calm,1016.3,
2026-06-21T14:00,Guimarães,33.0,46.0,0.0,,,Calm,1015.9,3186.3
2026-06-21T15:00,Guimarães,32.8,45.0,0.0,,,Calm,1016.0,2967.5
2026-06-21T16:00,Guimarães,32.3,45.0,0.0,,,Calm,1016.2,2520.4
2026-06-21T17:00,Guimarães,32.1,43.0,0.0,,,Calm,1016.2,1893.7
2026-06-21T18:00,Guimarães,30.7,48.0,0.0,,,Calm,1016.6,1296.3
2026-06-21T19:00,Guimarães,27.5,54.0,0.0,,,Calm,1017.2,717.3
2026-06-21T20:00,Guimarães,24.1,61.0,0.0,,,Calm,1017.9,77.0
2026-06-21T21:00,Guimarães,22.1,67.0,0.0,,,Calm,1018.2,1.1
2026-06-21T22:00,Guimarães,21.2,69.0,0.0,,,Calm,1018.1,0.0
2026-06-21T23:00,Guimarães,20.5,72.0,0.0,,,Calm,1017.5,0.0
2026-06-22T00:00,Guimarães,20.8,71.0,0.0,,,Calm,1016.8,0.0
2026-06-22T01:00,Guimarães,20.9,73.0,0.0,,,Calm,1016.0,0.0
2026-06-22T02:00,Guimarães,20.3,75.0,0.0,,,Calm,1016.2,0.0
2026-06-22T03:00,Guimarães,19.7,76.0,0.0,,,Calm,1016.6,0.0
2026-06-22T04:00,Guimarães,18.4,82.0,0.0,,,Calm,1017.0,0.0
2026-06-22T05:00,Guimarães,17.5,86.0,0.0,,,Calm,1017.3,0.3
2026-06-22T06:00,Guimarães,17.5,86.0,0.0,,,Calm,1017.0,81.6
2026-06-22T07:00,Guimarães,19.0,82.0,0.0,,,Calm,1016.8,497.1
2026-06-22T08:00,Guimarães,20.9,76.0,0.0,,,Calm,1016.9,880.1
2026-06-22T09:00,Guimarães,21.6,74.0,0.0,,,Calm,1017.3,1305.1
2026-06-22T10:00,Guimarães,22.5,72.0,0.0,,,Calm,1017.5,1895.0
2026-06-22T11:00,Guimarães,23.9,68.0,0.0,,,Calm,1017.4,
2026-06-22T12:00,Guimarães,24.0,68.0,0.0,,,Calm,1017.2,
2026-06-22T13:00,Guimarães,25.1,65.0,0.0,,,Calm,1016.7,1668.2
2026-06-22T14:00,Guimarães,27.5,58.0,0.0,,,Calm,1016.2,
2026-06-22T15:00,Guimarães,27.3,59.0,0.0,,,Calm,1016.0,1027.0
2026-06-22T16:00,Guimarães,26.6,63.0,0.0,,,Calm,1016.0,615.2
2026-06-22T17:00,Guimarães,26.9,62.0,0.0,,,Calm,1015.9,566.4
2026-06-22T18:00,Guimarães,25.7,66.0,0.0,,,Calm,1016.2,419.1
2026-06-22T19:00,Guimarães,22.5,74.0,0.0,,,Calm,1016.7,248.7
2026-06-22T20:00,Guimarães,21.7,78.0,0.0,,,Calm,1016.5,97.4
2026-06-22T21:00,Guimarães,20.6,81.0,0.0,,,Calm,1016.6,1.4
2026-06-22T22:00,Guimarães,20.0,84.0,0.0,,,Calm,1016.6,0.0
2026-06-22T23:00,Guimarães,19.7,84.0,0.0,,,Calm,1016.0,0.0
2026-06-23T00:00,Guimarães,19.7,85.0,0.0,,,Calm,1015.4,0.0
2026-06-23T01:00,Guimarães,19.7,85.0,0.0,,,Calm,1014.7,0.0
2026-06-23T02:00,Guimarães,19.7,86.0,0.0,,,Calm,1014.6,0.0
2026-06-23T03:00,Guimarães,19.9,85.0,0.0,,,Calm,1014.6,
2026-06-23T04:00,Guimarães,19.2,87.0,0.0,,,Calm,1014.3,0.0
2026-06-23T05:00,Guimarães,19.0,88.0,0.0,,,Calm,1014.3,0.2
2026-06-23T06:00,Guimarães,19.3,88.0,0.0,,,Calm,1014.2,117.8
2026-06-23T07:00,Guimarães,20.6,84.0,0.0,,,Calm,1014.1,315.0
2026-06-23T08:00,Guimarães,23.3,77.0,0.0,,,Calm,1013.9,829.6
2026-06-23T09:00,Guimarães,27.9,62.0,0.0,,,Calm,1013.6,1782.2
2026-06-23T10:00,Guimarães,31.3,53.0,0.0,,,Calm,1013.2,2241.8
2026-06-23T11:00,Guimarães,34.1,45.0,0.0,,,Calm,1012.6,2716.7
2026-06-23T12:00,Guimarães,32.9,51.0,0.0,,,Calm,1012.3,1067.6
2026-06-23T13:00,Guimarães,28.8,60.0,0.0,,,Calm,1013.0,844.7
2026-06-23T14:00,Guimarães,29.6,57.0,0.0,,,Calm,1012.5,1764.2
2026-06-23T15:00,Guimarães,32.8,50.0,0.0,,,Calm,1011.4,1756.5
2026-06-23T16:00,Guimarães,30.7,55.0,0.0,,,Calm,1011.4,1046.5
2026-06-23T17:00,Guimarães,29.8,58.0,0.0,,,Calm,1011.5,961.4
2026-06-23T18:00,Guimarães,29.4,59.0,0.0,,,Calm,1011.2,754.6
2026-06-23T19:00,Guimarães,27.1,59.0,0.0,,,Calm,1011.6,229.8
2026-06-23T20:00,Guimarães,25.5,64.0,0.0,,,Calm,1011.7,68.6
2026-06-23T21:00,Guimarães,23.8,69.0,0.0,,,Calm,1012.0,0.7
2026-06-23T22:00,Guimarães,23.2,70.0,0.0,,,Calm,1012.5,0.0
2026-06-23T23:00,Guimarães,22.1,74.0,0.0,,,Calm,1012.5,0.0
2026-06-24T00:00,Guimarães,20.9,78.0,0.0,,,Calm,1012.6,0.0
2026-06-24T01:00,Guimarães,20.2,81.0,0.0,,,Calm,1012.6,0.0
2026-06-24T02:00,Guimarães,19.9,82.0,0.0,,,Calm,1012.3,0.0
2026-06-24T03:00,Guimarães,19.3,84.0,0.0,,,Calm,1012.5,0.0
2026-06-24T04:00,Guimarães,18.8,85.0,0.0,,,Calm,1013.0,0.0
2026-06-24T05:00,Guimarães,18.5,86.0,0.0,,,Calm,1012.8,0.4
2026-06-24T06:00,Guimarães,18.3,87.0,0.0,,,Calm,1013.1,83.3
2026-06-24T07:00,Guimarães,20.3,83.0,0.0,,,Calm,1013.6,559.6
2026-06-24T08:00,Guimarães,21.1,80.0,0.0,,,Calm,1014.3,1124.1
2026-06-24T09:00,Guimarães,21.7,79.0,0.0,,,Calm,1014.7,1796.9
2026-06-24T10:00,Guimarães,24.2,71.0,0.0,,,Calm,1014.3,2036.9
2026-06-24T11:00,Guimarães,24.6,70.0,0.0,,,Calm,1014.1,1736.6
2026-06-24T12:00,Guimarães,23.4,74.0,0.1,,,Calm,1014.1,987.5
2026-06-24T13:00,Guimarães,24.2,71.0,0.0,,,Calm,1013.9,2095.5
2026-06-24T14:00,Guimarães,25.9,66.0,0.0,,,Calm,1013.5,
2026-06-24T15:00,Guimarães,25.7,67.0,0.0,,,Calm,1013.3,1633.9
2026-06-24T16:00,Guimarães,26.7,63.0,0.0,,,Calm,1012.8,2217.3
2026-06-24T17:00,Guimarães,26.6,62.0,0.0,,,Calm,1012.4,1699.9
2026-06-24T18:00,Guimarães,24.4,63.0,0.0,,,Calm,1012.7,756.1
2026-06-24T19:00,Guimarães,23.1,68.0,0.0,,,Calm,1013.2,583.1
2026-06-24T20:00,Guimarães,21.4,74.0,0.0,,,Calm,1013.2,176.4
2026-06-24T21:00,Guimarães,20.0,79.0,0.0,,,Calm,1013.2,3.6
2026-06-24T22:00,Guimarães,19.6,81.0,0.0,,,Calm,1013.6,0.0
2026-06-24T23:00,Guimarães,19.5,82.0,0.0,,,Calm,1013.5,0.0
2026-06-25T00:00,Guimarães,19.6,82.0,0.0,,,Calm,1013.3,0.0
2026-06-25T01:00,Guimarães,19.3,83.0,0.0,,,Calm,1013.0,0.0
2026-06-25T02:00,Guimarães,19.0,84.0,0.0,,,Calm,1013.3,0.0
2026-06-25T03:00,Guimarães,18.9,85.0,0.0,,,Calm,1013.1,0.0
2026-06-25T04:00,Guimarães,18.9,85.0,0.0,,,Calm,1013.0,0.0
2026-06-25T05:00,Guimarães,18.8,85.0,0.0,,,Calm,1013.3,0.0
2026-06-25T06:00,Guimarães,18.6,86.0,0.0,,,Calm,1013.7,2.0
2026-06-25T07:00,Guimarães,18.5,86.0,0.0,,,Calm,1014.2,35.8
2026-06-25T08:00,Guimarães,18.7,88.0,0.0,,,Calm,1014.6,329.9
2026-06-25T09:00,Guimarães,20.6,79.0,0.0,,,Calm,1014.6,1307.4
2026-06-25T10:00,Guimarães,22.3,67.0,0.0,,,Calm,1014.7,
2026-06-25T13:00,Guimarães,22.0,77.0,0.4,,,Calm,1015.1,
2026-06-25T14:00,Guimarães,23.4,66.0,0.0,,,Calm,1014.6,
2026-06-25T15:00,Guimarães,22.3,71.0,0.0,,,Calm,1014.7,665.6
2026-06-25T16:00,Guimarães,21.3,78.0,0.0,,,Calm,1015.1,633.1
2026-06-25T17:00,Guimarães,20.3,84.0,9.0,,,Calm,1015.2,734.3
2026-06-25T18:00,Guimarães,21.8,77.0,0.0,,,Calm,1015.0,753.8
2026-06-25T19:00,Guimarães,21.0,79.0,0.0,,,Calm,1015.4,171.0
2026-06-25T20:00,Guimarães,19.7,87.0,0.0,,,Calm,1016.0,69.1
2026-06-25T21:00,Guimarães,19.3,89.0,0.0,,,Calm,1016.5,2.7
2026-06-25T22:00,Guimarães,18.7,91.0,0.0,,,Calm,1017.1,0.0
2026-06-25T23:00,Guimarães,18.3,91.0,0.0,,,Calm,1017.3,0.0
2026-06-25T11:00,Guimarães,NO DATA,,,,,,,
2026-06-25T12:00,Guimarães,NO DATA,,,,,,,
2026-06-26T00:00,Guimarães,NO DATA,,,,,,,
2026-06-26T01:00,Guimarães,NO DATA,,,,,,,
2026-06-26T02:00,Guimarães,NO DATA,,,,,,,
2026-06-26T03:00,Guimarães,NO DATA,,,,,,,
2026-06-26T05:00,Guimarães,18.7,87.0,0.0,,,Calm,1017.4,
2026-06-26T06:00,Guimarães,19.1,84.0,0.0,,,Calm,1017.6,
2026-06-26T07:00,Guimarães,19.9,82.0,0.0,,,Calm,1017.9,254.5
2026-06-26T08:00,Guimarães,20.8,78.0,0.0,,,Calm,1018.1,595.8
2026-06-26T09:00,Guimarães,21.4,75.0,0.0,,,Calm,1018.4,768.1
2026-06-26T10:00,Guimarães,22.0,71.0,0.0,,,Calm,1018.6,1102.0
2026-06-26T11:00,Guimarães,23.3,65.0,0.0,,,Calm,1018.4,
2026-06-26T12:00,Guimarães,24.1,59.0,0.0,,,Calm,1018.3,
2026-06-26T13:00,Guimarães,25.1,57.0,0.0,,,Calm,1018.0,
2026-06-26T14:00,Guimarães,25.7,55.0,0.0,,,Calm,1017.7,
2026-06-26T15:00,Guimarães,25.4,54.0,0.0,,,Calm,1017.6,
2026-06-26T16:00,Guimarães,25.3,56.0,0.0,,,Calm,1017.6,
2026-06-26T17:00,Guimarães,24.8,56.0,0.0,,,Calm,1017.7,1794.6
2026-06-26T18:00,Guimarães,24.1,59.0,0.0,,,Calm,1017.6,1257.7
2026-06-26T19:00,Guimarães,23.4,61.0,0.0,,,Calm,1017.8,587.4
2026-06-26T20:00,Guimarães,21.1,71.0,0.0,,,Calm,1018.3,83.5
2026-06-26T21:00,Guimarães,19.6,78.0,0.0,,,Calm,1018.8,4.1
2026-06-26T22:00,Guimarães,19.2,80.0,0.0,,,Calm,1019.1,0.0
2026-06-26T23:00,Guimarães,18.8,81.0,0.0,,,Calm,1019.0,0.0
2026-06-26T04:00,Guimarães,NO DATA,,,,,,,
2026-06-27T00:00,Guimarães,18.3,84.0,0.0,,,Calm,1018.9,0.0
2026-06-27T01:00,Guimarães,18.1,84.0,0.0,,,Calm,1018.7,0.0
2026-06-27T02:00,Guimarães,17.1,87.0,0.0,,,Calm,1018.7,0.0
2026-06-27T03:00,Guimarães,16.7,89.0,0.0,,,Calm,1018.8,0.0
2026-06-27T04:00,Guimarães,16.4,92.0,0.0,,,Calm,1019.1,0.0
2026-06-27T05:00,Guimarães,16.9,95.0,0.0,,,Calm,1019.1,0.6
2026-06-27T06:00,Guimarães,16.2,96.0,0.0,,,Calm,1019.4,62.7
2026-06-27T07:00,Guimarães,18.4,87.0,0.0,,,Calm,1019.5,731.9
2026-06-27T08:00,Guimarães,20.4,73.0,0.0,,,Calm,1019.3,1328.4
2026-06-27T13:00,Guimarães,26.4,51.0,0.0,,,Calm,1019.5,3518.7
2026-06-27T14:00,Guimarães,26.3,51.0,0.0,,,Calm,1019.6,3453.3
2026-06-27T15:00,Guimarães,26.5,47.0,0.0,,,Calm,1019.7,3177.8
2026-06-27T16:00,Guimarães,26.2,47.0,0.0,,,Calm,1019.7,2755.3
2026-06-27T17:00,Guimarães,25.4,51.0,0.0,,,Calm,1019.8,2169.9
2026-06-27T18:00,Guimarães,24.6,54.0,0.0,,,Calm,1020.0,1489.8
2026-06-27T19:00,Guimarães,23.2,59.0,0.0,,,Calm,1020.4,752.3
2026-06-27T20:00,Guimarães,21.3,71.0,0.0,,,Calm,1020.8,206.3
2026-06-27T21:00,Guimarães,18.6,81.0,0.0,,,Calm,1021.3,4.1
2026-06-27T22:00,Guimarães,17.4,86.0,0.0,,,Calm,1022.1,0.0
2026-06-27T23:00,Guimarães,16.9,88.0,0.0,,,Calm,1022.1,0.0
2026-06-27T09:00,Guimarães,NO DATA,,,,,,,
2026-06-27T10:00,Guimarães,NO DATA,,,,,,,
2026-06-27T11:00,Guimarães,NO DATA,,,,,,,
2026-06-27T12:00,Guimarães,NO DATA,,,,,,,
2026-06-28T00:00,Guimarães,17.6,90.0,0.0,,,Calm,1022.1,0.0
2026-06-28T01:00,Guimarães,18.3,87.0,0.0,,,Calm,1021.9,0.0
2026-06-28T02:00,Guimarães,18.5,85.0,0.0,,,Calm,1021.8,0.0
2026-06-28T03:00,Guimarães,17.7,87.0,0.0,,,Calm,1021.6,0.0
2026-06-28T04:00,Guimarães,17.2,88.0,0.0,,,Calm,1021.8,0.0
2026-06-28T05:00,Guimarães,16.5,91.0,0.0,,,Calm,1021.9,1.1
2026-06-28T06:00,Guimarães,17.3,93.0,0.0,,,Calm,1022.2,117.5
2026-06-28T07:00,Guimarães,18.7,88.0,0.0,,,Calm,1022.4,527.9
2026-06-28T08:00,Guimarães,19.6,81.0,0.0,,,Calm,1022.6,659.6
2026-06-28T09:00,Guimarães,20.7,76.0,0.0,,,Calm,1022.8,979.8
2026-06-28T10:00,Guimarães,22.3,68.0,0.0,,,Calm,1022.8,1907.1
2026-06-28T11:00,Guimarães,23.7,62.0,0.0,,,Calm,1022.7,
2026-06-28T12:00,Guimarães,25.0,55.0,0.0,,,Calm,1022.6,
2026-06-28T13:00,Guimarães,26.6,49.0,0.0,,,Calm,1022.3,
2026-06-28T14:00,Guimarães,27.0,51.0,0.0,,,Calm,1021.8,
2026-06-28T15:00,Guimarães,27.7,49.0,0.0,,,Calm,1021.7,3230.5
2026-06-28T16:00,Guimarães,27.5,51.0,0.0,,,Calm,1021.5,
2026-06-28T17:00,Guimarães,27.5,52.0,0.0,,,Calm,1021.2,1934.1
2026-06-28T18:00,Guimarães,27.2,53.0,0.0,,,Calm,1020.9,1463.5
2026-06-28T19:00,Guimarães,25.9,57.0,0.0,,,Calm,1021.1,770.0
2026-06-28T20:00,Guimarães,23.8,63.0,0.0,,,Calm,1021.8,203.4
2026-06-28T21:00,Guimarães,20.9,73.0,0.0,,,Calm,1022.7,4.2
2026-06-28T22:00,Guimarães,18.9,80.0,0.0,,,Calm,1023.5,0.0
2026-06-28T23:00,Guimarães,17.8,83.0,0.0,,,Calm,1023.8,0.0
2026-06-29T00:00,Guimarães,17.0,86.0,0.0,,,Calm,1023.7,0.0
2026-06-29T01:00,Guimarães,16.5,87.0,0.0,,,Calm,1023.5,0.0
2026-06-29T02:00,Guimarães,16.0,89.0,0.0,,,Calm,1023.1,0.0
2026-06-29T03:00,Guimarães,15.7,90.0,0.0,,,Calm,1023.1,0.0
2026-06-29T04:00,Guimarães,15.3,92.0,0.0,,,Calm,1023.2,0.0
2026-06-29T05:00,Guimarães,14.8,93.0,0.0,,,Calm,1023.0,0.9
2026-06-29T06:00,Guimarães,14.8,96.0,0.0,,,Calm,1023.1,77.7
2026-06-29T07:00,Guimarães,17.3,91.0,0.0,,,Calm,1023.0,677.9
2026-06-29T08:00,Guimarães,21.1,71.0,0.0,,,Calm,1023.0,1367.7
2026-06-29T09:00,Guimarães,25.2,58.0,0.0,,,Calm,1022.3,1974.6
2026-06-29T10:00,Guimarães,27.4,49.0,0.0,,,Calm,1021.8,2598.8
2026-06-29T11:00,Guimarães,28.9,46.0,0.0,,,Calm,1021.5,3069.7
2026-06-29T12:00,Guimarães,30.4,43.0,0.0,,,Calm,1021.1,3352.2
2026-06-29T13:00,Guimarães,31.2,40.0,0.0,,,Calm,1020.7,3466.2
2026-06-29T14:00,Guimarães,32.4,38.0,0.0,,,Calm,1020.1,3380.6
2026-06-29T15:00,Guimarães,31.9,42.0,0.0,,,Calm,1019.9,3087.0
2026-06-29T16:00,Guimarães,31.6,43.0,0.0,,,Calm,1019.8,2686.5
2026-06-29T17:00,Guimarães,31.8,42.0,0.0,,,Calm,1019.6,2108.1
2026-06-29T18:00,Guimarães,31.3,43.0,0.0,,,Calm,1019.4,1442.8
2026-06-29T19:00,Guimarães,30.0,46.0,0.0,,,Calm,1019.5,753.4
2026-06-29T20:00,Guimarães,27.4,55.0,0.0,,,Calm,1020.0,201.1
2026-06-29T21:00,Guimarães,24.0,67.0,0.0,,,Calm,1020.5,4.3
2026-06-29T22:00,Guimarães,21.9,74.0,0.0,,,Calm,1021.1,0.0
2026-06-29T23:00,Guimarães,20.8,78.0,0.0,,,Calm,1021.4,0.0
2026-06-30T00:00,Guimarães,20.1,80.0,0.0,,,Calm,1021.4,0.0
2026-06-30T01:00,Guimarães,19.4,82.0,0.0,,,Calm,1021.1,0.0
2026-06-30T02:00,Guimarães,18.8,84.0,0.0,,,Calm,1021.2,0.0
2026-06-30T03:00,Guimarães,18.4,86.0,0.0,,,Calm,1021.3,
2026-06-30T04:00,Guimarães,18.0,87.0,0.0,,,Calm,1021.2,0.0
2026-06-30T05:00,Guimarães,17.5,89.0,0.0,,,Calm,1021.2,0.6
2026-06-30T06:00,Guimarães,17.4,92.0,0.0,,,Calm,1021.5,78.6
2026-06-30T07:00,Guimarães,19.9,87.0,0.0,,,Calm,1021.6,730.3
2026-06-30T08:00,Guimarães,23.6,71.0,0.0,,,Calm,1021.5,1284.0
2026-06-30T09:00,Guimarães,25.7,63.0,0.0,,,Calm,1021.4,1951.3
2026-06-30T10:00,Guimarães,28.3,54.0,0.0,,,Calm,1020.9,2579.8
2026-06-30T11:00,Guimarães,30.2,49.0,0.0,,,Calm,1020.7,3056.9
2026-06-30T12:00,Guimarães,31.7,46.0,0.0,,,Calm,1020.4,3330.3
2026-06-30T13:00,Guimarães,33.0,39.0,0.0,,,Calm,1020.2,3463.4
2026-06-30T14:00,Guimarães,33.9,34.0,0.0,,,Calm,1019.7,3370.7
2026-06-30T15:00,Guimarães,34.6,32.0,0.0,,,Calm,1019.1,3114.9
2026-06-30T16:00,Guimarães,35.2,29.0,0.0,,,Calm,1018.7,2739.0
2026-06-30T17:00,Guimarães,34.3,28.0,0.0,,,Calm,1018.7,1953.2
2026-06-30T18:00,Guimarães,33.0,39.0,0.0,,,Calm,1018.7,1457.9
2026-06-30T19:00,Guimarães,31.3,46.0,0.0,,,Calm,1019.0,696.5
2026-06-30T20:00,Guimarães,28.7,55.0,0.0,,,Calm,1019.4,208.3
2026-06-30T21:00,Guimarães,25.1,67.0,0.0,,,Calm,1020.0,5.6
2026-06-30T22:00,Guimarães,23.2,73.0,0.0,,,Calm,1020.7,0.0
2026-06-30T23:00,Guimarães,21.6,78.0,0.0,,,Calm,1021.0,0.0
2026-07-01T00:00,Guimarães,20.7,80.0,0.0,,,Calm,1021.1,0.0
2026-07-01T01:00,Guimarães,20.0,82.0,0.0,,,Calm,1020.9,0.0
2026-07-01T02:00,Guimarães,19.2,84.0,0.0,,,Calm,1020.7,0.0
2026-07-01T03:00,Guimarães,18.7,85.0,0.0,,,Calm,1020.8,0.0
2026-07-01T04:00,Guimarães,17.8,87.0,0.0,,,Calm,1020.8,0.0
2026-07-01T05:00,Guimarães,17.0,85.0,0.0,,,Calm,1020.9,0.7
2026-07-01T06:00,Guimarães,17.2,83.0,0.0,,,Calm,1021.0,73.2
2026-07-01T07:00,Guimarães,22.0,66.0,0.0,,,Calm,1021.1,648.4
2026-07-01T08:00,Guimarães,24.9,54.0,0.0,,,Calm,1021.1,1305.0
2026-07-01T09:00,Guimarães,26.3,49.0,0.0,,,Calm,1020.9,1965.6
2026-07-01T10:00,Guimarães,28.1,44.0,0.0,,,Calm,1020.8,2572.2
2026-07-01T11:00,Guimarães,30.1,40.0,0.0,,,Calm,1020.5,3035.9
2026-07-01T12:00,Guimarães,31.5,38.0,0.0,,,Calm,1020.1,3334.4
2026-07-01T13:00,Guimarães,33.0,36.0,0.0,,,Calm,1019.3,3435.5
2026-07-01T14:00,Guimarães,34.1,32.0,0.0,,,Calm,1018.6,3369.6
2026-07-01T15:00,Guimarães,35.2,29.0,0.0,,,Calm,1017.9,3115.0
2026-07-01T16:00,Guimarães,36.1,27.0,0.0,,,Calm,1017.3,2688.2
2026-07-01T17:00,Guimarães,36.5,26.0,0.0,,,Calm,1016.6,2105.4
2026-07-01T18:00,Guimarães,36.3,24.0,0.0,,,Calm,1016.4,1454.5
2026-07-01T19:00,Guimarães,35.8,25.0,0.0,,,Calm,1016.5,770.5
2026-07-01T20:00,Guimarães,32.3,34.0,0.0,,,Calm,1017.0,207.6
2026-07-01T21:00,Guimarães,27.9,51.0,0.0,,,Calm,1017.8,4.0
2026-07-01T22:00,Guimarães,26.4,53.0,0.0,,,Calm,1018.7,0.0
2026-07-01T23:00,Guimarães,25.2,51.0,0.0,,,Calm,1019.5,0.0
2026-07-02T00:00,Guimarães,28.4,35.0,0.0,,,Calm,1019.9,0.0
2026-07-02T01:00,Guimarães,27.8,35.0,0.0,,,Calm,1020.3,0.0
2026-07-02T02:00,Guimarães,26.2,37.0,0.0,,,Calm,1020.6,0.0
2026-07-02T03:00,Guimarães,24.4,39.0,0.0,,,Calm,1020.5,0.0
2026-07-02T04:00,Guimarães,23.0,40.0,0.0,,,Calm,1020.6,0.0
2026-07-02T05:00,Guimarães,22.5,38.0,0.0,,,Calm,1020.6,0.1
2026-07-02T06:00,Guimarães,20.6,44.0,0.0,,,Calm,1021.1,64.6
2026-07-02T07:00,Guimarães,22.7,38.0,0.0,,,Calm,1021.2,677.8
2026-07-02T08:00,Guimarães,25.0,32.0,0.0,,,Calm,1021.2,1351.5
2026-07-02T09:00,Guimarães,27.0,29.0,0.0,,,Calm,1021.3,2015.3
2026-07-02T10:00,Guimarães,28.6,25.0,0.0,,,Calm,1021.1,2642.5
2026-07-02T11:00,Guimarães,30.6,21.0,0.0,,,Calm,1020.8,3129.4
2026-07-02T12:00,Guimarães,31.9,19.0,0.0,,,Calm,1020.5,3444.1
2026-07-02T13:00,Guimarães,33.1,19.0,0.0,,,Calm,1020.1,3546.8
2026-07-02T14:00,Guimarães,34.3,17.0,0.0,,,Calm,1019.6,3463.4
2026-07-02T15:00,Guimarães,35.7,16.0,0.0,,,Calm,1019.1,3192.9
2026-07-02T16:00,Guimarães,36.8,14.0,0.0,,,Calm,1018.4,2768.5
2026-07-02T17:00,Guimarães,37.3,14.0,0.0,,,Calm,1018.0,2171.8
2026-07-02T18:00,Guimarães,37.1,16.0,0.0,,,Calm,1017.7,1498.4
2026-07-02T19:00,Guimarães,36.5,17.0,0.0,,,Calm,1017.6,796.2
2026-07-02T20:00,Guimarães,33.9,21.0,0.0,,,Calm,1017.9,212.7
2026-07-02T21:00,Guimarães,30.0,26.0,0.0,,,Calm,1018.6,2.6
2026-07-02T22:00,Guimarães,25.8,37.0,0.0,,,Calm,1019.8,0.0
2026-07-02T23:00,Guimarães,25.6,35.0,0.0,,,Calm,1020.2,0.0
2026-07-03T00:00,Guimarães,28.5,24.0,0.0,,,Calm,1020.4,0.0
2026-07-03T01:00,Guimarães,NO DATA,,,,,,,
2026-07-03T02:00,Guimarães,NO DATA,,,,,,,
2026-07-03T03:00,Guimarães,NO DATA,,,,,,,
2026-07-03T12:00,Guimarães,35.2,23.0,0.0,,,Calm,1019.9,3425.9
2026-07-03T13:00,Guimarães,36.9,20.0,0.0,,,Calm,1019.3,3526.2
2026-07-03T14:00,Guimarães,37.7,18.0,0.0,,,Calm,1018.9,3456.7
2026-07-03T15:00,Guimarães,38.5,17.0,0.0,,,Calm,1018.4,3181.1
2026-07-03T16:00,Guimarães,39.0,15.0,0.0,,,Calm,1017.8,2750.3
2026-07-03T17:00,Guimarães,39.2,14.0,0.0,,,Calm,1017.5,2177.8
2026-07-03T18:00,Guimarães,38.9,15.0,0.0,,,Calm,1017.2,1496.1
2026-07-03T19:00,Guimarães,37.1,18.0,0.0,,,Calm,1017.4,790.2
2026-07-03T20:00,Guimarães,31.6,30.0,0.0,,,Calm,1017.9,210.2
2026-07-03T21:00,Guimarães,27.8,41.0,0.0,,,Calm,1018.7,3.0
2026-07-03T22:00,Guimarães,25.8,46.0,0.0,,,Calm,1019.5,0.0
2026-07-03T23:00,Guimarães,24.3,48.0,0.0,,,Calm,1019.8,0.0
2026-07-03T04:00,Guimarães,NO DATA,,,,,,,
2026-07-03T05:00,Guimarães,NO DATA,,,,,,,
2026-07-03T06:00,Guimarães,NO DATA,,,,,,,
2026-07-03T07:00,Guimarães,NO DATA,,,,,,,
2026-07-03T08:00,Guimarães,NO DATA,,,,,,,
2026-07-03T09:00,Guimarães,NO DATA,,,,,,,
2026-07-03T10:00,Guimarães,NO DATA,,,,,,,
2026-07-03T11:00,Guimarães,NO DATA,,,,,,,
2026-07-04T00:00,Guimarães,23.5,48.0,0.0,,,Calm,1020.0,0.0
2026-07-04T01:00,Guimarães,22.9,48.0,0.0,,,Calm,1020.1,0.0
2026-07-04T02:00,Guimarães,23.8,42.0,0.0,,,Calm,1019.8,0.0
2026-07-04T03:00,Guimarães,23.9,42.0,0.0,,,Calm,1019.9,0.0
2026-07-04T04:00,Guimarães,24.3,41.0,0.0,,,Calm,1020.0,0.0
2026-07-04T05:00,Guimarães,23.4,45.0,0.0,,,Calm,1020.3,0.4
2026-07-04T06:00,Guimarães,23.1,47.0,0.0,,,Calm,1020.6,68.0
2026-07-04T07:00,Guimarães,25.4,43.0,0.0,,,Calm,1020.7,595.8
2026-07-04T08:00,Guimarães,29.8,27.0,0.0,,,Calm,1020.7,1245.4
2026-07-04T09:00,Guimarães,32.2,23.0,0.0,,,Calm,1020.8,1913.6
2026-07-04T10:00,Guimarães,33.8,21.0,0.0,,,Calm,1020.6,2523.4
2026-07-04T11:00,Guimarães,35.3,19.0,0.0,,,Calm,1020.4,2994.5
2026-07-04T12:00,Guimarães,37.0,18.0,0.0,,,Calm,1020.1,3308.7
2026-07-04T13:00,Guimarães,38.5,17.0,0.0,,,Calm,1019.5,3406.3
2026-07-04T14:00,Guimarães,39.2,16.0,0.0,,,Calm,1019.1,3317.8
2026-07-04T15:00,Guimarães,39.9,16.0,0.0,,,Calm,1018.6,3044.6
2026-07-04T16:00,Guimarães,40.5,15.0,0.0,,,Calm,1018.1,2588.9
2026-07-04T17:00,Guimarães,40.2,16.0,0.0,,,Calm,1017.7,2003.7
2026-07-04T18:00,Guimarães,38.8,22.0,0.0,,,Calm,1017.6,1356.7
2026-07-04T19:00,Guimarães,34.7,33.0,0.0,,,Calm,1018.0,565.8
2026-07-04T20:00,Guimarães,30.0,42.0,0.0,,,Calm,1018.6,108.7
2026-07-04T21:00,Guimarães,27.5,45.0,0.0,,,Calm,1019.2,2.4
2026-07-04T22:00,Guimarães,25.8,49.0,0.0,,,Calm,1019.8,0.0
2026-07-04T23:00,Guimarães,24.9,52.0,0.0,,,Calm,1019.9,0.0
2026-07-05T00:00,Guimarães,23.9,58.0,0.0,,,Calm,1019.8,0.0
2026-07-05T01:00,Guimarães,22.9,61.0,0.0,,,Calm,1019.7,0.0
2026-07-05T02:00,Guimarães,22.1,66.0,0.0,,,Calm,1019.5,0.0
2026-07-05T03:00,Guimarães,21.4,68.0,0.0,,,Calm,1019.3,0.0
2026-07-05T04:00,Guimarães,20.8,69.0,0.0,,,Calm,1019.2,0.0
2026-07-05T05:00,Guimarães,20.5,67.0,0.0,,,Calm,1019.2,0.2
2026-07-05T06:00,Guimarães,21.4,60.0,0.0,,,Calm,1019.3,77.5
2026-07-05T07:00,Guimarães,23.9,57.0,0.0,,,Calm,1019.3,500.6
2026-07-05T08:00,Guimarães,27.3,51.0,0.0,,,Calm,1019.2,1105.5
2026-07-05T09:00,Guimarães,30.4,41.0,0.0,,,Calm,1019.1,1751.1
2026-07-05T10:00,Guimarães,33.4,31.0,0.0,,,Calm,1019.0,2324.5
2026-07-05T11:00,Guimarães,35.1,28.0,0.0,,,Calm,1018.7,2797.9
2026-07-05T12:00,Guimarães,36.8,26.0,0.0,,,Calm,1018.4,3140.5
2026-07-05T13:00,Guimarães,38.1,23.0,0.0,,,Calm,1018.0,3278.2
2026-07-05T14:00,Guimarães,39.1,21.0,0.0,,,Calm,1017.4,3219.4
2026-07-05T15:00,Guimarães,39.7,17.0,0.0,,,Calm,1016.9,2982.7
2026-07-05T16:00,Guimarães,40.5,18.0,0.0,,,Calm,1016.3,2439.8
2026-07-05T17:00,Guimarães,39.0,26.0,0.0,,,Calm,1016.0,1999.7
2026-07-05T18:00,Guimarães,36.0,32.0,0.0,,,Calm,1016.2,1232.7
2026-07-05T19:00,Guimarães,33.4,34.0,0.0,,,Calm,1016.6,787.7
2026-07-05T20:00,Guimarães,30.7,36.0,0.0,,,Calm,1017.1,268.3
2026-07-05T21:00,Guimarães,26.5,46.0,0.0,,,Calm,1017.8,4.2
2026-07-05T22:00,Guimarães,24.8,50.0,0.0,,,Calm,1018.4,0.0
2026-07-05T23:00,Guimarães,23.5,55.0,0.0,,,Calm,1018.6,0.0
2026-07-06T00:00,Guimarães,22.4,59.0,0.0,,,Calm,1018.6,0.0
2026-07-06T01:00,Guimarães,21.6,61.0,0.0,,,Calm,1018.4,0.0
2026-07-06T02:00,Guimarães,20.9,63.0,0.0,,,Calm,1018.3,0.0
2026-07-06T03:00,Guimarães,20.2,66.0,0.0,,,Calm,1018.2,0.0
2026-07-06T04:00,Guimarães,19.5,70.0,0.0,,,Calm,1018.2,0.0
2026-07-06T05:00,Guimarães,18.9,73.0,0.0,,,Calm,1018.3,0.4
2026-07-06T06:00,Guimarães,18.7,76.0,0.0,,,Calm,1018.3,77.5
2026-07-06T07:00,Guimarães,21.0,71.0,0.0,,,Calm,1018.3,479.3
2026-07-06T08:00,Guimarães,23.5,65.0,0.0,,,Calm,1018.4,1134.6
2026-07-06T09:00,Guimarães,26.1,56.0,0.0,,,Calm,1017.9,1841.4
2026-07-06T10:00,Guimarães,28.4,51.0,0.0,,,Calm,1017.5,2462.6
2026-07-06T11:00,Guimarães,29.3,52.0,0.0,,,Calm,1017.4,2923.8
2026-07-06T12:00,Guimarães,28.7,54.0,0.0,,,Calm,1017.7,3230.6
2026-07-06T13:00,Guimarães,29.9,47.0,0.0,,,Calm,1017.6,3330.5
2026-07-06T14:00,Guimarães,31.3,41.0,0.0,,,Calm,1017.4,3298.3
2026-07-06T15:00,Guimarães,30.5,42.0,0.0,,,Calm,1017.6,3065.6
2026-07-06T16:00,Guimarães,30.4,39.0,0.0,,,Calm,1017.4,2658.9
2026-07-06T17:00,Guimarães,29.1,47.0,0.0,,,Calm,1017.3,2073.2
2026-07-06T18:00,Guimarães,26.4,55.0,0.0,,,Calm,1017.5,1410.5
2026-07-06T19:00,Guimarães,23.2,64.0,0.0,,,Calm,1018.1,712.2
2026-07-06T20:00,Guimarães,20.6,72.0,0.0,,,Calm,1018.7,194.0
2026-07-06T21:00,Guimarães,18.4,80.0,0.0,,,Calm,1019.3,3.7
2026-07-06T22:00,Guimarães,17.0,84.0,0.0,,,Calm,1020.2,0.0
2026-07-06T23:00,Guimarães,16.1,86.0,0.0,,,Calm,1020.5,0.0
2026-07-07T00:00,Guimarães,16.4,86.0,0.0,,,Calm,1020.3,0.0
2026-07-07T01:00,Guimarães,16.6,85.0,0.0,,,Calm,1020.1,0.0
2026-07-07T02:00,Guimarães,16.5,86.0,0.0,,,Calm,1019.8,0.0
2026-07-07T03:00,Guimarães,16.6,86.0,0.0,,,Calm,1019.7,0.0
2026-07-07T04:00,Guimarães,16.8,84.0,0.0,,,Calm,1019.9,0.0
2026-07-07T05:00,Guimarães,16.7,84.0,0.0,,,Calm,1020.2,0.0
2026-07-07T06:00,Guimarães,16.4,85.0,0.0,,,Calm,1020.6,17.3
2026-07-07T07:00,Guimarães,16.6,83.0,0.0,,,Calm,1020.7,143.8
2026-07-07T08:00,Guimarães,17.5,80.0,0.0,,,Calm,1020.8,440.5
2026-07-07T09:00,Guimarães,18.8,75.0,0.0,,,Calm,1020.9,1200.6
2026-07-07T10:00,Guimarães,20.9,69.0,0.0,,,Calm,1020.7,2451.1
2026-07-07T11:00,Guimarães,23.4,60.0,0.0,,,Calm,1020.5,2914.7
2026-07-07T12:00,Guimarães,24.9,55.0,0.0,,,Calm,1020.3,3184.0
2026-07-07T13:00,Guimarães,26.6,50.0,0.0,,,Calm,1019.9,3359.7
2026-07-07T14:00,Guimarães,27.7,48.0,0.0,,,Calm,1019.3,3296.2
2026-07-07T15:00,Guimarães,27.6,50.0,0.0,,,Calm,1019.2,3058.5
2026-07-07T16:00,Guimarães,26.4,52.0,0.0,,,Calm,1019.4,2670.7
2026-07-07T17:00,Guimarães,25.6,53.0,0.0,,,Calm,1019.5,2123.6
2026-07-07T18:00,Guimarães,24.5,55.0,0.0,,,Calm,1019.4,1463.2
2026-07-07T19:00,Guimarães,23.2,59.0,0.0,,,Calm,1019.5,737.5
2026-07-07T20:00,Guimarães,21.1,67.0,0.0,,,Calm,1020.1,192.6
2026-07-07T21:00,Guimarães,18.6,78.0,0.0,,,Calm,1020.6,2.9
2026-07-07T22:00,Guimarães,17.0,84.0,0.0,,,Calm,1021.1,0.0
2026-07-07T23:00,Guimarães,16.1,87.0,0.0,,,Calm,1020.9,0.0
2026-07-08T00:00,Guimarães,15.5,89.0,0.0,,,Calm,1020.4,0.0
2026-07-08T01:00,Guimarães,15.2,90.0,0.0,,,Calm,1020.2,0.0
2026-07-08T02:00,Guimarães,14.9,92.0,0.0,,,Calm,1019.9,0.0
2026-07-08T03:00,Guimarães,14.5,94.0,0.0,,,Calm,1019.7,0.0
2026-07-08T04:00,Guimarães,14.2,96.0,0.0,,,Calm,1019.6,0.0
2026-07-08T05:00,Guimarães,13.9,98.0,0.0,,,Calm,1019.8,0.0
2026-07-08T06:00,Guimarães,13.9,100.0,0.0,,,Calm,1019.8,63.0
2026-07-08T07:00,Guimarães,15.6,,0.0,,,Calm,1020.0,519.6
2026-07-08T08:00,Guimarães,18.5,81.0,0.0,,,Calm,1019.8,1117.0
2026-07-08T09:00,Guimarães,20.8,73.0,0.0,,,Calm,1019.5,2015.3
2026-07-08T10:00,Guimarães,23.7,64.0,0.0,,,Calm,1018.8,2533.5
2026-07-08T11:00,Guimarães,26.2,58.0,0.0,,,Calm,1018.1,3016.3
2026-07-08T12:00,Guimarães,28.5,51.0,0.0,,,Calm,1017.5,3363.1
2026-07-08T13:00,Guimarães,29.2,49.0,0.0,,,Calm,1017.1,3353.9
2026-07-08T14:00,Guimarães,29.0,52.0,0.0,,,Calm,1016.7,2701.3
2026-07-08T15:00,Guimarães,29.2,52.0,0.0,,,Calm,1016.3,3182.3
2026-07-08T16:00,Guimarães,29.4,49.0,0.0,,,Calm,1016.0,2722.1
2026-07-08T17:00,Guimarães,29.1,48.0,0.0,,,Calm,1015.8,2142.9
2026-07-08T18:00,Guimarães,27.7,51.0,0.0,,,Calm,1015.7,1473.4
2026-07-08T19:00,Guimarães,25.7,53.0,0.0,,,Calm,1015.9,757.2
2026-07-08T20:00,Guimarães,23.2,62.0,0.0,,,Calm,1016.0,193.4
2026-07-08T21:00,Guimarães,20.1,75.0,0.0,,,Calm,1016.5,2.8
2026-07-08T22:00,Guimarães,17.7,82.0,0.0,,,Calm,1017.1,0.0
2026-07-08T23:00,Guimarães,16.3,86.0,0.0,,,Calm,1016.8,0.0
2026-07-09T00:00,Guimarães,15.7,88.0,0.0,,,Calm,1016.4,0.0
2026-07-09T01:00,Guimarães,15.3,89.0,0.0,,,Calm,1015.8,0.0
2026-07-09T02:00,Guimarães,14.8,91.0,0.0,,,Calm,1015.5,0.0
2026-07-09T03:00,Guimarães,14.9,95.0,0.0,,,Calm,1015.3,0.0
2026-07-09T04:00,Guimarães,15.1,100.0,0.0,,,Calm,1015.0,0.0
2026-07-09T05:00,Guimarães,15.0,,0.0,,,Calm,1015.2,0.0
2026-07-09T06:00,Guimarães,15.0,,0.0,,,Calm,1015.2,22.7
2026-07-09T07:00,Guimarães,15.1,,0.0,,,Calm,1015.3,113.9
2026-07-09T08:00,Guimarães,15.3,,0.0,,,Calm,1015.4,246.9
2026-07-09T09:00,Guimarães,15.8,,0.0,,,Calm,1015.4,473.5
2026-07-09T10:00,Guimarães,19.1,75.0,0.0,,,Calm,1014.7,2374.9
2026-07-09T11:00,Guimarães,23.0,61.0,0.0,,,Calm,1014.3,3000.6
2026-07-09T12:00,Guimarães,25.1,56.0,0.0,,,Calm,1013.9,3311.4
2026-07-09T13:00,Guimarães,26.0,56.0,0.0,,,Calm,1013.5,3419.2
2026-07-09T14:00,Guimarães,25.9,57.0,0.0,,,Calm,1013.1,3340.7
2026-07-09T15:00,Guimarães,25.1,60.0,0.0,,,Calm,1013.2,3087.7
2026-07-09T16:00,Guimarães,25.1,57.0,0.0,,,Calm,1013.1,2682.2
2026-07-09T17:00,Guimarães,23.0,62.0,0.0,,,Calm,1013.3,2099.4
2026-07-09T18:00,Guimarães,21.7,65.0,0.0,,,Calm,1013.4,1439.4
2026-07-09T19:00,Guimarães,20.1,70.0,0.0,,,Calm,1013.5,735.8
2026-07-09T20:00,Guimarães,18.4,77.0,0.0,,,Calm,1013.6,186.9
2026-07-09T21:00,Guimarães,16.7,83.0,0.0,,,Calm,1014.1,2.8
2026-07-09T22:00,Guimarães,16.7,83.0,0.0,,,Calm,1014.8,0.0
2026-07-09T23:00,Guimarães,17.2,82.0,0.0,,,Calm,1014.8,0.0
2026-07-10T00:00,Guimarães,17.1,83.0,0.0,,,Calm,1014.4,0.0
2026-07-10T01:00,Guimarães,16.9,83.0,0.0,,,Calm,1013.9,0.0
2026-07-10T02:00,Guimarães,16.9,83.0,0.0,,,Calm,1013.3,0.0
2026-07-10T03:00,Guimarães,16.7,85.0,0.0,,,Calm,1012.9,0.0
2026-07-10T04:00,Guimarães,16.9,83.0,0.0,,,Calm,1012.7,0.0
2026-07-10T05:00,Guimarães,17.1,82.0,0.0,,,Calm,1012.4,0.0
2026-07-10T06:00,Guimarães,17.2,82.0,0.0,,,Calm,1012.5,26.4
2026-07-10T07:00,Guimarães,17.6,80.0,0.0,,,Calm,1012.8,145.4
2026-07-10T08:00,Guimarães,18.3,77.0,0.0,,,Calm,1012.6,282.8
2026-07-10T09:00,Guimarães,18.6,76.0,0.0,,,Calm,1012.5,468.9
2026-07-10T10:00,Guimarães,19.2,75.0,0.0,,,Calm,1012.5,580.0
2026-07-10T11:00,Guimarães,19.6,75.0,0.0,,,Calm,1012.6,692.2
2026-07-10T12:00,Guimarães,19.8,75.0,0.0,,,Calm,1012.6,725.6
2026-07-10T13:00,Guimarães,20.0,75.0,0.0,,,Calm,1012.3,1118.8
2026-07-10T14:00,Guimarães,22.2,68.0,0.0,,,Calm,1011.6,
2026-07-10T15:00,Guimarães,24.2,63.0,0.0,,,Calm,1011.2,3087.5
2026-07-10T16:00,Guimarães,25.5,58.0,0.0,,,Calm,1010.7,2667.5
2026-07-10T17:00,Guimarães,25.7,56.0,0.0,,,Calm,1010.7,2089.7
2026-07-10T18:00,Guimarães,23.7,59.0,0.0,,,Calm,1011.1,1437.4
2026-07-10T19:00,Guimarães,22.4,63.0,0.0,,,Calm,1011.2,730.7
2026-07-10T20:00,Guimarães,20.9,68.0,0.0,,,Calm,1011.3,194.1
2026-07-10T21:00,Guimarães,18.2,77.0,0.0,,,Calm,1011.7,2.1
2026-07-10T22:00,Guimarães,16.6,83.0,0.0,,,Calm,1011.8,0.0
2026-07-10T23:00,Guimarães,15.9,86.0,0.0,,,Calm,1011.7,0.0
2026-07-11T00:00,Guimarães,15.5,87.0,0.0,,,Calm,1011.3,0.0
2026-07-11T01:00,Guimarães,15.2,88.0,0.0,,,Calm,1011.0,0.0
2026-07-11T02:00,Guimarães,15.1,89.0,0.0,,,Calm,1011.0,0.0
2026-07-11T03:00,Guimarães,14.8,90.0,0.0,,,Calm,1010.7,0.0
2026-07-11T04:00,Guimarães,14.6,91.0,0.0,,,Calm,1010.5,0.0
2026-07-11T05:00,Guimarães,14.5,92.0,0.0,,,Calm,1010.5,0.0
2026-07-11T06:00,Guimarães,14.6,94.0,0.0,,,Calm,1010.3,82.1
2026-07-11T07:00,Guimarães,16.4,91.0,0.0,,,Calm,1009.9,605.5
2026-07-11T08:00,Guimarães,19.7,75.0,0.0,,,Calm,1009.4,1192.9
2026-07-11T09:00,Guimarães,22.3,68.0,0.0,,,Calm,1009.0,1834.5
2026-07-11T10:00,Guimarães,25.4,60.0,0.0,,,Calm,1008.7,2448.0
2026-07-11T11:00,Guimarães,28.2,52.0,0.0,,,Calm,1008.4,2923.6
2026-07-11T12:00,Guimarães,29.4,50.0,0.0,,,Calm,1008.1,3084.3
2026-07-11T13:00,Guimarães,28.2,54.0,0.0,,,Calm,1008.2,3297.3
2026-07-11T14:00,Guimarães,28.4,52.0,0.0,,,Calm,1008.0,3193.0
2026-07-11T15:00,Guimarães,26.9,55.0,0.0,,,Calm,1008.4,2907.5
2026-07-11T16:00,Guimarães,24.9,60.0,0.0,,,Calm,1009.2,2521.4
2026-07-11T17:00,Guimarães,24.6,60.0,0.0,,,Calm,1009.6,1947.1
2026-07-11T18:00,Guimarães,24.2,61.0,0.0,,,Calm,1009.5,1299.1
2026-07-11T19:00,Guimarães,23.1,64.0,0.0,,,Calm,1010.0,639.8
2026-07-11T20:00,Guimarães,21.6,67.0,0.0,,,Calm,1011.0,135.9
2026-07-11T21:00,Guimarães,20.0,75.0,0.0,,,Calm,1011.7,1.0
2026-07-11T22:00,Guimarães,19.4,79.0,0.0,,,Calm,1012.3,0.0
2026-07-11T23:00,Guimarães,19.0,78.0,0.0,,,Calm,1012.3,0.0
2026-07-12T00:00,Guimarães,19.2,77.0,0.0,,,Calm,1011.9,0.0
2026-07-12T01:00,Guimarães,19.3,77.0,0.0,,,Calm,1011.5,0.0
2026-07-12T02:00,Guimarães,19.2,77.0,0.0,,,Calm,1011.5,0.0
2026-07-12T03:00,Guimarães,19.1,77.0,0.0,,,Calm,1011.4,0.0
2026-07-12T04:00,Guimarães,19.1,76.0,0.0,,,Calm,1011.6,0.0
2026-07-12T05:00,Guimarães,18.7,77.0,0.0,,,Calm,1012.2,0.0
2026-07-12T06:00,Guimarães,18.2,79.0,0.0,,,Calm,1012.3,41.3
2026-07-12T07:00,Guimarães,18.8,77.0,0.0,,,Calm,1012.5,189.4
2026-07-12T08:00,Guimarães,19.5,71.0,0.0,,,Calm,1012.6,380.1
2026-07-12T09:00,Guimarães,21.0,65.0,0.0,,,Calm,1012.7,1487.8
2026-07-12T10:00,Guimarães,22.5,59.0,0.0,,,Calm,1012.7,1501.3
2026-07-12T11:00,Guimarães,22.9,56.0,0.0,,,Calm,1013.2,
2026-07-12T12:00,Guimarães,24.8,49.0,0.0,,,Calm,1013.0,
2026-07-12T13:00,Guimarães,25.4,45.0,0.0,,,Calm,1012.7,
2026-07-12T14:00,Guimarães,26.3,44.0,0.0,,,Calm,1012.7,
2026-07-12T15:00,Guimarães,24.8,49.0,0.0,,,Calm,1012.9,
2026-07-12T16:00,Guimarães,25.1,47.0,0.0,,,Calm,1012.8,1319.4
2026-07-12T17:00,Guimarães,24.7,52.0,0.0,,,Calm,1013.0,1041.9
2026-07-12T18:00,Guimarães,24.3,55.0,0.0,,,Calm,1013.1,1404.6
2026-07-12T19:00,Guimarães,22.6,62.0,0.0,,,Calm,1013.3,640.5
2026-07-12T20:00,Guimarães,21.2,65.0,0.0,,,Calm,1013.7,153.3
2026-07-12T21:00,Guimarães,19.1,72.0,0.0,,,Calm,1014.6,1.7
2026-07-12T22:00,Guimarães,18.2,76.0,0.0,,,Calm,1015.2,0.0
2026-07-12T23:00,Guimarães,18.0,79.0,0.0,,,Calm,1015.4,0.0
2026-07-13T00:00,Guimarães,17.1,81.0,0.0,,,Calm,1015.3,0.0
2026-07-13T01:00,Guimarães,16.3,83.0,0.0,,,Calm,1015.0,0.0
2026-07-13T02:00,Guimarães,16.0,84.0,0.0,,,Calm,1015.0,0.0
2026-07-13T03:00,Guimarães,15.9,84.0,0.0,,,Calm,1014.9,0.0
2026-07-13T04:00,Guimarães,16.4,84.0,0.0,,,Calm,1014.8,0.0
2026-07-13T05:00,Guimarães,16.5,84.0,0.0,,,Calm,1015.1,0.0
2026-07-13T06:00,Guimarães,16.4,84.0,0.0,,,Calm,1015.6,34.4
2026-07-13T07:00,Guimarães,17.4,81.0,0.0,,,Calm,1015.7,177.1
2026-07-13T08:00,Guimarães,18.6,76.0,0.0,,,Calm,1015.7,
2026-07-13T09:00,Guimarães,20.3,68.0,0.0,,,Calm,1015.7,1002.9
2026-07-13T10:00,Guimarães,22.2,60.0,0.0,,,Calm,1015.7,1554.4
2026-07-13T11:00,Guimarães,23.3,55.0,0.0,,,Calm,1015.6,
2026-07-13T12:00,Guimarães,23.6,56.0,0.0,,,Calm,1015.8,1292.7
2026-07-13T13:00,Guimarães,24.3,54.0,0.0,,,Calm,1015.8,
2026-07-13T14:00,Guimarães,24.2,54.0,0.0,,,Calm,1016.0,
2026-07-13T15:00,Guimarães,23.9,55.0,0.0,,,Calm,1016.0,983.4
2026-07-13T16:00,Guimarães,25.0,55.0,0.0,,,Calm,1015.8,
2026-07-13T17:00,Guimarães,23.6,60.0,0.0,,,Calm,1016.0,1428.6
2026-07-13T18:00,Guimarães,23.6,57.0,0.0,,,Calm,1015.9,1436.4
2026-07-13T19:00,Guimarães,23.6,55.0,0.0,,,Calm,1015.7,833.5
2026-07-13T20:00,Guimarães,21.9,62.0,0.0,,,Calm,1016.2,189.2
2026-07-13T21:00,Guimarães,19.1,72.0,0.0,,,Calm,1016.6,3.4
2026-07-13T22:00,Guimarães,18.3,77.0,0.0,,,Calm,1017.1,0.0
2026-07-13T23:00,Guimarães,18.1,79.0,0.0,,,Calm,1017.0,0.0
2026-07-14T00:00,Guimarães,17.8,81.0,0.0,,,Calm,1017.1,0.0
2026-07-14T01:00,Guimarães,16.8,83.0,0.0,,,Calm,1017.0,0.0
2026-07-14T02:00,Guimarães,16.6,84.0,0.0,,,Calm,1016.7,0.0
2026-07-14T03:00,Guimarães,16.0,86.0,0.0,,,Calm,1016.5,0.0
2026-07-14T04:00,Guimarães,15.4,87.0,0.0,,,Calm,1016.3,0.0
2026-07-14T05:00,Guimarães,15.0,89.0,0.0,,,Calm,1016.2,0.0
2026-07-14T06:00,Guimarães,15.0,90.0,0.0,,,Calm,1016.4,93.8
2026-07-14T07:00,Guimarães,16.4,87.0,0.0,,,Calm,1016.6,395.6
2026-07-14T08:00,Guimarães,18.6,78.0,0.0,,,Calm,1016.7,722.0
2026-07-14T09:00,Guimarães,21.0,68.0,0.0,,,Calm,1016.7,1182.4
2026-07-14T10:00,Guimarães,22.6,61.0,0.0,,,Calm,1016.6,1828.7
2026-07-14T11:00,Guimarães,23.7,57.0,0.0,,,Calm,1016.5,
2026-07-14T12:00,Guimarães,26.1,50.0,0.0,,,Calm,1016.2,
2026-07-14T13:00,Guimarães,27.1,47.0,0.0,,,Calm,1015.9,
2026-07-14T14:00,Guimarães,27.3,47.0,0.0,,,Calm,1015.8,
2026-07-14T15:00,Guimarães,27.3,46.0,0.0,,,Calm,1015.8,2952.7
2026-07-14T16:00,Guimarães,27.1,45.0,0.0,,,Calm,1015.8,2611.3
2026-07-14T17:00,Guimarães,26.2,48.0,0.0,,,Calm,1016.0,1833.7
2026-07-14T18:00,Guimarães,25.1,53.0,0.0,,,Calm,1016.3,1038.9
2026-07-14T19:00,Guimarães,23.4,61.0,0.0,,,Calm,1016.7,568.7
2026-07-14T20:00,Guimarães,21.7,65.0,0.0,,,Calm,1017.4,110.8
2026-07-14T21:00,Guimarães,20.3,72.0,0.0,,,Calm,1018.2,1.8
2026-07-14T22:00,Guimarães,18.4,81.0,0.0,,,Calm,1019.2,0.0
2026-07-14T23:00,Guimarães,17.3,85.0,0.0,,,Calm,1019.5,0.0
2026-07-15T00:00,Guimarães,16.9,87.0,0.0,,,Calm,1019.5,0.0
2026-07-15T01:00,Guimarães,16.4,89.0,0.0,,,Calm,1019.3,0.0
2026-07-15T02:00,Guimarães,16.6,91.0,0.0,,,Calm,1019.2,0.0
2026-07-15T03:00,Guimarães,16.8,92.0,0.0,,,Calm,1018.9,0.0
2026-07-15T04:00,Guimarães,16.8,90.0,0.0,,,Calm,1018.8,0.0
2026-07-15T05:00,Guimarães,16.3,90.0,0.0,,,Calm,1019.2,0.0
2026-07-15T06:00,Guimarães,16.4,90.0,0.0,,,Calm,1019.6,54.8
2026-07-15T07:00,Guimarães,16.7,89.0,0.0,,,Calm,1019.8,325.2
2026-07-15T08:00,Guimarães,18.3,82.0,0.0,,,Calm,1020.0,1141.3
2026-07-15T09:00,Guimarães,21.4,71.0,0.0,,,Calm,1019.9,1842.9
2026-07-15T10:00,Guimarães,23.5,59.0,0.0,,,Calm,1019.9,2423.0
2026-07-15T11:00,Guimarães,24.7,53.0,0.0,,,Calm,1019.5,2786.7
2026-07-15T12:00,Guimarães,26.5,47.0,0.0,,,Calm,1019.4,3159.5
2026-07-15T13:00,Guimarães,27.3,42.0,0.0,,,Calm,1019.1,3029.0
2026-07-15T14:00,Guimarães,27.5,45.0,0.0,,,Calm,1019.0,3010.3
2026-07-15T15:00,Guimarães,27.9,45.0,0.0,,,Calm,1019.0,2823.3
2026-07-15T16:00,Guimarães,27.3,45.0,0.0,,,Calm,1018.9,2266.3
2026-07-15T17:00,Guimarães,27.0,45.0,0.0,,,Calm,1018.8,2194.3
2026-07-15T18:00,Guimarães,26.4,49.0,0.0,,,Calm,1018.7,1303.1
2026-07-15T19:00,Guimarães,24.6,55.0,0.0,,,Calm,1019.0,654.2
2026-07-15T20:00,Guimarães,22.5,63.0,0.0,,,Calm,1019.5,176.2
2026-07-15T21:00,Guimarães,19.9,73.0,0.0,,,Calm,1019.9,1.3
2026-07-15T22:00,Guimarães,18.5,79.0,0.0,,,Calm,1020.2,0.0
2026-07-15T23:00,Guimarães,17.7,82.0,0.0,,,Calm,1020.1,0.0
2026-07-16T00:00,Guimarães,17.3,84.0,0.0,,,Calm,1019.8,0.0
2026-07-16T01:00,Guimarães,16.7,86.0,0.0,,,Calm,1019.5,0.0
2026-07-16T02:00,Guimarães,16.2,88.0,0.0,,,Calm,1019.2,0.0
2026-07-16T03:00,Guimarães,16.0,90.0,0.0,,,Calm,1019.1,0.0
2026-07-16T04:00,Guimarães,16.3,93.0,0.0,,,Calm,1018.9,0.0
2026-07-16T05:00,Guimarães,15.5,92.0,0.0,,,Calm,1018.7,0.0
2026-07-16T06:00,Guimarães,15.4,94.0,0.0,,,Calm,1018.9,64.7
2026-07-16T07:00,Guimarães,16.3,93.0,0.0,,,Calm,1019.0,510.7
2026-07-16T08:00,Guimarães,19.4,76.0,0.0,,,Calm,1019.0,1109.9
2026-07-16T09:00,Guimarães,21.7,69.0,0.0,,,Calm,1018.7,1819.4
2026-07-16T10:00,Guimarães,23.5,62.0,0.0,,,Calm,1018.7,2463.4
2026-07-16T11:00,Guimarães,24.5,59.0,0.0,,,Calm,1018.6,2902.6
2026-07-16T12:00,Guimarães,25.7,52.0,0.0,,,Calm,1018.5,3253.2
2026-07-16T13:00,Guimarães,27.1,48.0,0.0,,,Calm,1018.1,3152.9
2026-07-16T14:00,Guimarães,27.7,46.0,0.0,,,Calm,1017.8,3156.4
2026-07-16T15:00,Guimarães,27.7,45.0,0.0,,,Calm,1017.7,2956.2
2026-07-16T16:00,Guimarães,27.3,47.0,0.0,,,Calm,1017.6,2601.3
2026-07-16T17:00,Guimarães,26.6,50.0,0.0,,,Calm,1017.8,2080.4
2026-07-16T18:00,Guimarães,25.6,53.0,0.0,,,Calm,1017.7,1398.6
2026-07-16T19:00,Guimarães,24.0,57.0,0.0,,,Calm,1018.1,613.7
2026-07-16T20:00,Guimarães,22.6,62.0,0.0,,,Calm,1018.6,98.2
2026-07-16T21:00,Guimarães,21.6,68.0,0.0,,,Calm,1018.9,1.2
2026-07-16T22:00,Guimarães,19.8,76.0,0.0,,,Calm,1019.4,0.0
2026-07-16T23:00,Guimarães,18.5,81.0,0.0,,,Calm,1019.5,0.0
2026-07-17T00:00,Guimarães,17.9,84.0,0.0,,,Calm,1019.4,0.0
2026-07-17T01:00,Guimarães,17.9,85.0,0.0,,,Calm,1019.1,0.0
2026-07-17T02:00,Guimarães,16.9,88.0,0.0,,,Calm,1019.2,0.0
2026-07-17T03:00,Guimarães,16.5,90.0,0.0,,,Calm,1019.1,0.0
2026-07-17T04:00,Guimarães,16.4,92.0,0.0,,,Calm,1019.1,0.0
2026-07-17T05:00,Guimarães,16.6,89.0,0.0,,,Calm,1019.1,0.0
2026-07-17T06:00,Guimarães,16.5,86.0,0.0,,,Calm,1019.0,45.2
2026-07-17T07:00,Guimarães,17.6,83.0,0.0,,,Calm,1019.0,406.1
2026-07-17T08:00,Guimarães,19.9,78.0,0.0,,,Calm,1019.0,1149.6
2026-07-17T09:00,Guimarães,21.9,69.0,0.0,,,Calm,1018.9,1878.4
2026-07-17T10:00,Guimarães,23.7,59.0,0.0,,,Calm,1018.6,2332.4
2026-07-17T11:00,Guimarães,24.3,58.0,0.0,,,Calm,1018.5,
2026-07-17T12:00,Guimarães,26.4,50.0,0.0,,,Calm,1018.1,
2026-07-17T13:00,Guimarães,26.3,52.0,0.0,,,Calm,1017.8,
2026-07-17T14:00,Guimarães,27.0,51.0,0.0,,,Calm,1017.4,
2026-07-17T15:00,Guimarães,26.7,51.0,0.0,,,Calm,1017.2,
2026-07-17T16:00,Guimarães,26.7,50.0,0.0,,,Calm,1016.9,2595.5
2026-07-17T17:00,Guimarães,26.3,51.0,0.0,,,Calm,1016.8,2022.6
2026-07-17T18:00,Guimarães,25.6,54.0,0.0,,,Calm,1016.4,1283.7
2026-07-17T19:00,Guimarães,23.7,63.0,0.0,,,Calm,1016.5,698.5
2026-07-17T20:00,Guimarães,21.9,70.0,0.0,,,Calm,1016.8,170.3
2026-07-17T21:00,Guimarães,20.0,77.0,0.0,,,Calm,1017.2,2.1
2026-07-17T22:00,Guimarães,18.5,82.0,0.0,,,Calm,1017.7,0.0
2026-07-17T23:00,Guimarães,17.8,84.0,0.0,,,Calm,1017.5,0.0
2026-07-18T00:00,Guimarães,17.4,86.0,0.0,,,Calm,1017.3,0.0
2026-07-18T01:00,Guimarães,16.8,88.0,0.0,,,Calm,1016.9,0.0
2026-07-18T02:00,Guimarães,16.5,90.0,0.0,,,Calm,1016.6,0.0
2026-07-18T03:00,Guimarães,16.2,93.0,0.0,,,Calm,1016.4,0.0
2026-07-18T04:00,Guimarães,15.9,96.0,0.0,,,Calm,1016.3,0.0
2026-07-18T05:00,Guimarães,15.6,99.0,0.0,,,Calm,1016.3,0.0
2026-07-18T06:00,Guimarães,15.4,100.0,0.0,,,Calm,1016.4,50.0
2026-07-18T07:00,Guimarães,16.4,,0.0,,,Calm,1016.4,376.2
2026-07-18T08:00,Guimarães,19.5,81.0,0.0,,,Calm,1016.1,1067.3
2026-07-18T09:00,Guimarães,21.7,72.0,0.0,,,Calm,1015.6,1771.2
2026-07-18T10:00,Guimarães,23.8,65.0,0.0,,,Calm,1015.2,2406.0
2026-07-18T11:00,Guimarães,25.8,58.0,0.0,,,Calm,1015.0,2902.8
2026-07-18T12:00,Guimarães,27.3,51.0,0.0,,,Calm,1014.7,3225.9
2026-07-18T13:00,Guimarães,28.6,49.0,0.0,,,Calm,1014.2,
2026-07-18T14:00,Guimarães,27.9,55.0,0.0,,,Calm,1014.1,3265.8
2026-07-18T15:00,Guimarães,27.8,54.0,0.0,,,Calm,1014.0,2986.7
2026-07-18T16:00,Guimarães,28.1,53.0,0.0,,,Calm,1013.7,2580.0
2026-07-18T17:00,Guimarães,27.5,53.0,0.0,,,Calm,1013.7,2005.7
2026-07-18T18:00,Guimarães,27.0,51.0,0.0,,,Calm,1013.4,1368.8
2026-07-18T19:00,Guimarães,26.0,53.0,0.0,,,Calm,1013.3,674.8
2026-07-18T20:00,Guimarães,24.1,60.0,0.0,,,Calm,1013.7,154.9
2026-07-18T21:00,Guimarães,21.7,71.0,0.0,,,Calm,1014.1,1.1
2026-07-18T22:00,Guimarães,20.1,80.0,0.0,,,Calm,1014.6,0.0
2026-07-18T23:00,Guimarães,19.3,84.0,0.0,,,Calm,1014.8,0.0
2026-07-19T00:00,Guimarães,18.4,87.0,0.0,,,Calm,1014.9,0.0
2026-07-19T01:00,Guimarães,18.3,89.0,0.0,,,Calm,1015.0,0.0
2026-07-19T02:00,Guimarães,18.9,87.0,0.0,,,Calm,1014.9,0.0
2026-07-19T03:00,Guimarães,19.1,84.0,0.0,,,Calm,1014.8,0.0
2026-07-19T04:00,Guimarães,19.3,83.0,0.0,,,Calm,1014.8,0.0
2026-07-19T05:00,Guimarães,19.3,82.0,0.0,,,Calm,1014.8,0.0
2026-07-19T06:00,Guimarães,19.5,81.0,0.0,,,Calm,1015.1,15.1
2026-07-19T07:00,Guimarães,19.9,79.0,0.0,,,Calm,1015.3,89.2
2026-07-19T08:00,Guimarães,20.1,79.0,0.0,,,Calm,1015.5,175.7
2026-07-19T09:00,Guimarães,20.4,79.0,0.0,,,Calm,1015.8,341.9
2026-07-19T10:00,Guimarães,21.1,76.0,0.0,,,Calm,1015.8,545.0
2026-07-19T11:00,Guimarães,22.3,71.0,0.0,,,Calm,1016.0,1280.8
2026-07-19T12:00,Guimarães,24.5,63.0,0.0,,,Calm,1015.6,
2026-07-19T13:00,Guimarães,26.8,56.0,0.0,,,Calm,1015.0,
2026-07-19T14:00,Guimarães,27.2,56.0,0.0,,,Calm,1014.6,3216.1
2026-07-19T15:00,Guimarães,27.4,55.0,0.0,,,Calm,1014.5,2915.3
2026-07-19T16:00,Guimarães,27.5,55.0,0.0,,,Calm,1014.3,2514.3
2026-07-19T17:00,Guimarães,27.1,57.0,0.0,,,Calm,1014.3,2041.3
2026-07-19T18:00,Guimarães,25.5,63.0,0.0,,,Calm,1014.4,1124.3
2026-07-19T19:00,Guimarães,24.5,65.0,0.0,,,Calm,1014.7,655.2
2026-07-19T20:00,Guimarães,22.8,70.0,0.0,,,Calm,1014.9,150.5
2026-07-19T21:00,Guimarães,20.5,79.0,0.0,,,Calm,1015.5,1.1
2026-07-19T22:00,Guimarães,19.3,83.0,0.0,,,Calm,1016.0,0.0
2026-07-19T23:00,Guimarães,18.6,86.0,0.0,,,Calm,1016.1,0.0
2026-07-20T00:00,Guimarães,18.3,88.0,0.0,,,Calm,1016.0,0.0
2026-07-20T01:00,Guimarães,19.1,86.0,0.0,,,Calm,1015.8,0.0
2026-07-20T02:00,Guimarães,19.4,83.0,0.0,,,Calm,1015.7,0.0
2026-07-20T03:00,Guimarães,19.4,81.0,0.0,,,Calm,1015.4,0.0
2026-07-20T04:00,Guimarães,19.5,79.0,0.0,,,Calm,1015.4,0.0
2026-07-20T05:00,Guimarães,19.4,80.0,0.0,,,Calm,1015.5,0.0
2026-07-20T06:00,Guimarães,19.4,80.0,0.0,,,Calm,1015.7,21.7
2026-07-20T07:00,Guimarães,19.9,78.0,0.0,,,Calm,1015.9,144.5
2026-07-20T08:00,Guimarães,20.7,75.0,0.0,,,Calm,1016.1,460.8
2026-07-20T09:00,Guimarães,22.3,69.0,0.0,,,Calm,1016.3,1422.6
2026-07-20T10:00,Guimarães,23.8,62.0,0.0,,,Calm,1016.1,2022.1
2026-07-20T11:00,Guimarães,25.0,55.0,0.0,,,Calm,1016.2,
2026-07-20T12:00,Guimarães,26.5,50.0,0.0,,,Calm,1016.0,
2026-07-20T13:00,Guimarães,26.9,47.0,0.0,,,Calm,1015.8,
2026-07-20T14:00,Guimarães,26.5,50.0,0.0,,,Calm,1015.8,
2026-07-20T15:00,Guimarães,27.4,51.0,0.0,,,Calm,1015.8,
2026-07-20T16:00,Guimarães,27.4,52.0,0.0,,,Calm,1015.7,2687.4
2026-07-20T17:00,Guimarães,26.9,54.0,0.0,,,Calm,1015.6,2114.9
2026-07-20T18:00,Guimarães,25.7,58.0,0.0,,,Calm,1015.6,1340.9
2026-07-20T19:00,Guimarães,24.2,63.0,0.0,,,Calm,1016.0,625.6
2026-07-20T20:00,Guimarães,22.7,67.0,0.0,,,Calm,1016.5,163.2
2026-07-20T21:00,Guimarães,20.4,76.0,0.0,,,Calm,1017.0,0.9
2026-07-20T22:00,Guimarães,19.3,80.0,0.0,,,Calm,1017.4,0.0
2026-07-20T23:00,Guimarães,19.1,81.0,0.0,,,Calm,1017.4,0.0
2026-07-21T00:00,Guimarães,18.2,85.0,0.0,,,Calm,1017.3,0.0
2026-07-21T01:00,Guimarães,17.7,87.0,0.0,,,Calm,1017.4,0.0
2026-07-21T02:00,Guimarães,17.9,89.0,0.0,,,Calm,1017.1,0.0
2026-07-21T03:00,Guimarães,18.6,88.0,0.0,,,Calm,1016.9,0.0
2026-07-21T04:00,Guimarães,18.3,85.0,0.0,,,Calm,1016.8,0.0
2026-07-21T05:00,Guimarães,18.4,84.0,0.0,,,Calm,1016.8,0.0
2026-07-21T06:00,Guimarães,18.6,84.0,0.0,,,Calm,1017.2,20.4
2026-07-21T07:00,Guimarães,19.3,82.0,0.0,,,Calm,1017.4,287.5
2026-07-21T08:00,Guimarães,20.7,76.0,0.0,,,Calm,1017.5,781.8
2026-07-21T09:00,Guimarães,22.2,71.0,0.0,,,Calm,1017.3,1562.0
2026-07-21T10:00,Guimarães,24.3,64.0,0.0,,,Calm,1016.9,2673.2
2026-07-21T11:00,Guimarães,25.7,60.0,0.0,,,Calm,1016.5,2554.1
2026-07-21T12:00,Guimarães,27.5,55.0,0.0,,,Calm,1016.1,3192.4
2026-07-21T13:00,Guimarães,28.5,52.0,0.0,,,Calm,1015.9,3210.2
2026-07-21T14:00,Guimarães,27.8,57.0,0.0,,,Calm,1016.1,3253.0
2026-07-21T15:00,Guimarães,27.5,58.0,0.0,,,Calm,1016.4,2965.3
2026-07-21T16:00,Guimarães,27.2,59.0,0.0,,,Calm,1016.3,2548.2
2026-07-21T17:00,Guimarães,27.2,57.0,0.0,,,Calm,1016.0,1972.9
2026-07-21T18:00,Guimarães,26.5,57.0,0.0,,,Calm,1016.1,1308.5
2026-07-21T19:00,Guimarães,25.6,60.0,0.0,,,Calm,1016.3,614.1
2026-07-21T20:00,Guimarães,23.7,65.0,0.0,,,Calm,1016.9,127.7
2026-07-21T21:00,Guimarães,21.0,74.0,0.0,,,Calm,1017.4,0.6
2026-07-21T22:00,Guimarães,19.8,80.0,0.0,,,Calm,1017.9,0.0
2026-07-21T23:00,Guimarães,19.1,83.0,0.0,,,Calm,1018.0,0.0
2026-07-22T00:00,Guimarães,18.3,86.0,0.0,,,Calm,1017.9,0.0
2026-07-22T01:00,Guimarães,17.7,89.0,0.0,,,Calm,1017.9,0.0
2026-07-22T02:00,Guimarães,17.3,92.0,0.0,,,Calm,1017.6,0.0
2026-07-22T03:00,Guimarães,17.4,97.0,0.0,,,Calm,1017.3,0.0
2026-07-22T04:00,Guimarães,17.7,,0.0,,,Calm,1017.6,0.0
2026-07-22T05:00,Guimarães,17.6,,0.0,,,Calm,1017.8,0.0
2026-07-22T06:00,Guimarães,17.5,,0.0,,,Calm,1018.1,19.5
2026-07-22T07:00,Guimarães,17.4,,0.0,,,Calm,1018.2,122.6
2026-07-22T08:00,Guimarães,17.9,,0.0,,,Calm,1018.5,237.2
2026-07-22T09:00,Guimarães,18.8,90.0,0.0,,,Calm,1018.6,535.2
2026-07-22T10:00,Guimarães,20.7,77.0,0.0,,,Calm,1018.5,1485.1
2026-07-22T11:00,Guimarães,23.6,67.0,0.0,,,Calm,1018.1,2821.5
2026-07-22T12:00,Guimarães,26.4,58.0,0.0,,,Calm,1017.7,3159.9
2026-07-22T13:00,Guimarães,28.0,53.0,0.0,,,Calm,1017.3,3307.6
2026-07-22T14:00,Guimarães,28.6,52.0,0.0,,,Calm,1017.1,3117.9
2026-07-22T15:00,Guimarães,28.5,53.0,0.0,,,Calm,1016.9,2995.2
2026-07-22T16:00,Guimarães,28.4,50.0,0.0,,,Calm,1016.8,2632.4
2026-07-22T17:00,Guimarães,27.4,52.0,0.0,,,Calm,1016.9,2022.0
2026-07-22T18:00,Guimarães,26.2,50.0,0.0,,,Calm,1017.3,1390.3
2026-07-22T19:00,Guimarães,24.6,56.0,0.0,,,Calm,1017.8,670.4
2026-07-22T20:00,Guimarães,22.6,66.0,0.0,,,Calm,1018.3,141.4
2026-07-22T21:00,Guimarães,20.2,77.0,0.0,,,Calm,1018.8,0.5
2026-07-22T22:00,Guimarães,18.8,82.0,0.0,,,Calm,1019.4,0.0
2026-07-22T23:00,Guimarães,17.9,85.0,0.0,,,Calm,1019.4,0.0
2026-07-23T00:00,Guimarães,17.3,87.0,0.0,,,Calm,1019.3,0.0
2026-07-23T01:00,Guimarães,16.8,89.0,0.0,,,Calm,1019.2,0.0
2026-07-23T02:00,Guimarães,16.2,91.0,0.0,,,Calm,1018.9,0.0
2026-07-23T03:00,Guimarães,15.7,93.0,0.0,,,Calm,1019.0,0.0
2026-07-23T04:00,Guimarães,15.2,96.0,0.0,,,Calm,1019.2,0.0
2026-07-23T05:00,Guimarães,14.6,97.0,0.0,,,Calm,1019.1,0.0
2026-07-23T06:00,Guimarães,14.6,100.0,0.0,,,Calm,1019.4,44.8
2026-07-23T07:00,Guimarães,15.9,,0.0,,,Calm,1019.8,393.9
2026-07-23T08:00,Guimarães,19.1,80.0,0.0,,,Calm,1019.6,1014.8
2026-07-23T09:00,Guimarães,21.3,72.0,0.0,,,Calm,1019.5,1299.3
2026-07-23T10:00,Guimarães,24.3,56.0,0.0,,,Calm,1019.2,2594.5
2026-07-23T11:00,Guimarães,24.4,54.0,0.0,,,Calm,1019.3,
2026-07-23T12:00,Guimarães,25.8,50.0,0.0,,,Calm,1019.0,
2026-07-23T13:00,Guimarães,27.2,45.0,0.0,,,Calm,1018.7,3227.6
2026-07-23T14:00,Guimarães,28.0,45.0,0.0,,,Calm,1018.2,3283.0
2026-07-23T15:00,Guimarães,27.8,47.0,0.0,,,Calm,1017.6,3013.9
2026-07-23T16:00,Guimarães,28.0,47.0,0.0,,,Calm,1017.1,2553.7
2026-07-23T17:00,Guimarães,26.7,52.0,0.0,,,Calm,1017.0,2002.5
2026-07-23T18:00,Guimarães,24.8,57.0,0.0,,,Calm,1017.3,1318.8
2026-07-23T19:00,Guimarães,23.4,59.0,0.0,,,Calm,1017.5,531.5
2026-07-23T20:00,Guimarães,21.6,67.0,0.0,,,Calm,1017.6,87.2
2026-07-23T21:00,Guimarães,19.5,77.0,0.0,,,Calm,1018.0,0.4
2026-07-23T22:00,Guimarães,18.3,81.0,0.0,,,Calm,1018.3,0.0
2026-07-23T23:00,Guimarães,17.9,83.0,0.0,,,Calm,1018.3,0.0
